-- --------------------------------------------------------
-- Host:                         127.0.0.1
-- Server version:               8.4.3 - MySQL Community Server - GPL
-- Server OS:                    Win64
-- HeidiSQL Version:             12.8.0.6908
-- --------------------------------------------------------

/*!40101 SET @OLD_CHARACTER_SET_CLIENT=@@CHARACTER_SET_CLIENT */;
/*!40101 SET NAMES utf8 */;
/*!50503 SET NAMES utf8mb4 */;
/*!40103 SET @OLD_TIME_ZONE=@@TIME_ZONE */;
/*!40103 SET TIME_ZONE='+00:00' */;
/*!40014 SET @OLD_FOREIGN_KEY_CHECKS=@@FOREIGN_KEY_CHECKS, FOREIGN_KEY_CHECKS=0 */;
/*!40101 SET @OLD_SQL_MODE=@@SQL_MODE, SQL_MODE='NO_AUTO_VALUE_ON_ZERO' */;
/*!40111 SET @OLD_SQL_NOTES=@@SQL_NOTES, SQL_NOTES=0 */;


-- Dumping database structure for hemaplus-database
-- CREATE DATABASE IF NOT EXISTS `hemaplus-database` /*!40100 DEFAULT CHARACTER SET utf8mb4 COLLATE utf8mb4_unicode_ci */;
-- USE `hemaplus-database`;

-- Dumping structure for table hemaplus-database.admins
CREATE TABLE IF NOT EXISTS `admins` (
  `id` bigint unsigned NOT NULL AUTO_INCREMENT,
  
  `created_at` timestamp NULL DEFAULT NULL,
  `updated_at` timestamp NULL DEFAULT NULL,
  `name` varchar(60) COLLATE utf8mb4_unicode_ci NOT NULL,
  `email` varchar(60) COLLATE utf8mb4_unicode_ci NOT NULL,
  `phone` varchar(30) COLLATE utf8mb4_unicode_ci NOT NULL,
  `img` varchar(255) COLLATE utf8mb4_unicode_ci DEFAULT NULL,
  `password` varchar(60) COLLATE utf8mb4_unicode_ci NOT NULL,
  `deleted_at` datetime DEFAULT NULL,
  `is_activate` tinyint NOT NULL DEFAULT '1',
  `report_id` tinyint NOT NULL DEFAULT '1',
  PRIMARY KEY (`id`)
) ENGINE=InnoDB AUTO_INCREMENT=2 DEFAULT CHARSET=utf8mb4 COLLATE=utf8mb4_unicode_ci;

-- Dumping data for table hemaplus-database.admins: ~1 rows (approximately)
DELETE FROM `admins`;
INSERT INTO `admins` (`id`, `created_at`, `updated_at`, `name`, `email`, `phone`, `img`, `password`, `deleted_at`, `is_activate`, `report_id`) VALUES
	(1, NULL, '2025-10-08 01:33:45', 'AmrHussien', 'hema@gmail.com', '123456', 'admin/assets/images/admins/175986922558122.webp', '$2y$10$NJFN1sueb26Fw4t2zHWEqOIw0tjSQaZw9BpkeXqKFYoPuo9cLh//2', NULL, 1, 1);

-- Dumping structure for table hemaplus-database.cart
CREATE TABLE IF NOT EXISTS `cart` (
  `id` bigint unsigned NOT NULL AUTO_INCREMENT,
  `created_at` timestamp NULL DEFAULT NULL,
  `updated_at` timestamp NULL DEFAULT NULL,
  `user_id` int DEFAULT NULL,
  `product_id` int DEFAULT NULL,
  `quantity` int NOT NULL DEFAULT '1',
  `deleted_at` datetime DEFAULT NULL,
  `is_activate` tinyint NOT NULL DEFAULT '1',
  `report_id` int NOT NULL DEFAULT '1',
  PRIMARY KEY (`id`)
) ENGINE=InnoDB AUTO_INCREMENT=104 DEFAULT CHARSET=utf8mb4 COLLATE=utf8mb4_unicode_ci;

-- Dumping data for table hemaplus-database.cart: ~103 rows (approximately)
DELETE FROM `cart`;
INSERT INTO `cart` (`id`, `created_at`, `updated_at`, `user_id`, `product_id`, `quantity`, `deleted_at`, `is_activate`, `report_id`) VALUES
	(1, '2025-10-08 05:19:52', '2025-10-08 05:19:52', 2, 1, 2, NULL, 1, 1),
	(2, '2025-10-08 05:20:08', '2025-10-08 05:20:08', 2, 2, 1, NULL, 1, 1),
	(3, '2025-10-08 05:20:26', '2025-10-08 05:20:26', 2, 3, 3, NULL, 1, 1),
	(4, '2025-10-08 05:20:43', '2025-10-08 05:20:43', 4, 4, 1, NULL, 1, 1),
	(5, '2025-10-08 05:21:02', '2025-10-08 05:21:02', 4, 5, 2, NULL, 1, 1),
	(6, '2025-10-08 05:21:18', '2025-10-08 05:21:18', 4, 6, 1, NULL, 1, 1),
	(7, '2025-10-08 05:21:36', '2025-10-08 05:21:36', 2, 7, 2, NULL, 1, 1),
	(8, '2025-10-08 05:21:53', '2025-10-08 05:21:53', 4, 1, 3, NULL, 1, 1),
	(9, '2025-10-10 20:25:41', '2025-10-10 20:25:41', 2, 2, 1, NULL, 1, 1),
	(10, '2025-10-10 20:26:15', '2025-10-10 20:26:15', 2, 3, 2, NULL, 1, 1),
	(11, '2025-10-11 22:30:22', '2025-10-11 22:30:22', 3, 4, 1, NULL, 1, 1),
	(12, '2025-10-12 16:15:45', '2025-10-12 16:15:45', 2, 5, 2, NULL, 1, 1),
	(13, '2025-10-13 21:20:30', '2025-10-13 21:20:30', 4, 6, 1, NULL, 1, 1),
	(14, '2025-10-14 17:45:50', '2025-10-14 17:45:50', 2, 7, 3, NULL, 1, 1),
	(15, '2025-10-15 23:30:15', '2025-10-15 23:30:15', 4, 1, 2, NULL, 1, 1),
	(16, '2025-10-16 18:55:40', '2025-10-16 18:55:40', 2, 2, 1, NULL, 1, 1),
	(17, '2025-10-17 20:10:25', '2025-10-17 20:10:25', 3, 3, 2, NULL, 1, 1),
	(18, '2025-10-18 22:25:10', '2025-10-18 22:25:10', 4, 4, 1, NULL, 1, 1),
	(19, '2025-10-19 16:40:35', '2025-10-19 16:40:35', 2, 5, 3, NULL, 1, 1),
	(20, '2025-10-20 19:15:50', '2025-10-20 19:15:50', 4, 6, 2, NULL, 1, 1),
	(21, '2025-10-21 21:30:20', '2025-10-21 21:30:20', 2, 7, 1, NULL, 1, 1),
	(22, '2025-10-22 17:50:45', '2025-10-22 17:50:45', 4, 1, 2, NULL, 1, 1),
	(23, '2025-10-23 23:05:15', '2025-10-23 23:05:15', 2, 2, 3, NULL, 1, 1),
	(24, '2025-10-24 18:35:40', '2025-10-24 18:35:40', 4, 3, 1, NULL, 1, 1),
	(25, '2025-10-25 20:50:25', '2025-10-25 20:50:25', 2, 4, 2, NULL, 1, 1),
	(26, '2025-10-26 16:20:10', '2025-10-26 16:20:10', 4, 5, 1, NULL, 1, 1),
	(27, '2025-10-27 22:45:35', '2025-10-27 22:45:35', 2, 6, 3, NULL, 1, 1),
	(28, '2025-10-28 19:10:50', '2025-10-28 19:10:50', 4, 7, 2, NULL, 1, 1),
	(29, '2025-10-29 17:35:15', '2025-10-29 17:35:15', 2, 1, 1, NULL, 1, 1),
	(30, '2025-10-30 21:25:40', '2025-10-30 21:25:40', 4, 2, 2, NULL, 1, 1),
	(31, '2025-10-31 18:50:25', '2025-10-31 18:50:25', 2, 3, 3, NULL, 1, 1),
	(32, '2025-11-01 23:15:10', '2025-11-01 23:15:10', 4, 4, 1, NULL, 1, 1),
	(33, '2025-11-02 21:40:45', '2025-11-02 21:40:45', 2, 5, 2, NULL, 1, 1),
	(34, '2025-11-03 17:05:20', '2025-11-03 17:05:20', 4, 6, 1, NULL, 1, 1),
	(35, '2025-11-04 23:30:35', '2025-11-04 23:30:35', 2, 7, 3, NULL, 1, 1),
	(36, '2025-11-05 20:55:50', '2025-11-05 20:55:50', 4, 1, 2, NULL, 1, 1),
	(37, '2025-11-06 18:20:15', '2025-11-06 18:20:15', 2, 2, 1, NULL, 1, 1),
	(38, '2025-11-07 22:45:40', '2025-11-07 22:45:40', 4, 3, 2, NULL, 1, 1),
	(39, '2025-11-08 19:10:25', '2025-11-08 19:10:25', 2, 4, 1, NULL, 1, 1),
	(40, '2025-11-10 00:35:50', '2025-11-10 00:35:50', 4, 5, 3, NULL, 1, 1),
	(41, '2025-11-10 21:00:15', '2025-11-10 21:00:15', 2, 6, 2, NULL, 1, 1),
	(42, '2025-11-11 17:25:40', '2025-11-11 17:25:40', 21, 7, 1, NULL, 1, 1),
	(43, '2025-11-12 23:50:25', '2025-11-12 23:50:25', 22, 1, 2, NULL, 1, 1),
	(44, '2025-11-13 20:15:10', '2025-11-13 20:15:10', 23, 2, 1, NULL, 1, 1),
	(45, '2025-11-14 18:40:45', '2025-11-14 18:40:45', 24, 3, 3, NULL, 1, 1),
	(46, '2025-11-15 22:05:20', '2025-11-15 22:05:20', 25, 4, 2, NULL, 1, 1),
	(47, '2025-11-16 19:30:35', '2025-11-16 19:30:35', 26, 5, 1, NULL, 1, 1),
	(48, '2025-11-18 00:55:50', '2025-11-18 00:55:50', 27, 6, 2, NULL, 1, 1),
	(49, '2025-11-18 21:20:15', '2025-11-18 21:20:15', 28, 7, 1, NULL, 1, 1),
	(50, '2025-11-19 17:45:40', '2025-11-19 17:45:40', 2, 1, 3, NULL, 1, 1),
	(51, '2025-11-20 23:10:25', '2025-11-20 23:10:25', 4, 2, 2, NULL, 1, 1),
	(52, '2025-11-21 20:35:10', '2025-11-21 20:35:10', 2, 3, 1, NULL, 1, 1),
	(53, '2025-11-22 18:00:45', '2025-11-22 18:00:45', 4, 4, 2, NULL, 1, 1),
	(54, '2025-11-23 22:25:20', '2025-11-23 22:25:20', 2, 5, 3, NULL, 1, 1),
	(55, '2025-11-24 19:50:35', '2025-11-24 19:50:35', 4, 6, 1, NULL, 1, 1),
	(56, '2025-11-26 00:15:50', '2025-11-26 00:15:50', 2, 7, 2, NULL, 1, 1),
	(57, '2025-11-26 21:40:15', '2025-11-26 21:40:15', 4, 1, 1, NULL, 1, 1),
	(58, '2025-11-27 17:05:40', '2025-11-27 17:05:40', 2, 2, 3, NULL, 1, 1),
	(59, '2025-11-28 23:30:25', '2025-11-28 23:30:25', 4, 3, 2, NULL, 1, 1),
	(60, '2025-11-29 20:55:10', '2025-11-29 20:55:10', 2, 4, 1, NULL, 1, 1),
	(61, '2025-11-30 18:20:45', '2025-11-30 18:20:45', 4, 5, 2, NULL, 1, 1),
	(62, '2025-12-01 22:45:20', '2025-12-01 22:45:20', 2, 6, 3, NULL, 1, 1),
	(63, '2025-12-02 19:10:35', '2025-12-02 19:10:35', 4, 7, 1, NULL, 1, 1),
	(64, '2025-12-04 00:35:50', '2025-12-04 00:35:50', 2, 1, 2, NULL, 1, 1),
	(65, '2025-12-04 21:00:15', '2025-12-04 21:00:15', 4, 2, 1, NULL, 1, 1),
	(66, '2025-12-05 17:25:40', '2025-12-05 17:25:40', 2, 3, 3, NULL, 1, 1),
	(67, '2025-12-06 23:50:25', '2025-12-06 23:50:25', 4, 4, 2, NULL, 1, 1),
	(68, '2025-12-07 20:15:10', '2025-12-07 20:15:10', 2, 5, 1, NULL, 1, 1),
	(69, '2025-12-08 18:40:45', '2025-12-08 18:40:45', 4, 6, 2, NULL, 1, 1),
	(70, '2025-12-09 22:05:20', '2025-12-09 22:05:20', 2, 7, 3, NULL, 1, 1),
	(71, '2025-12-10 19:30:35', '2025-12-10 19:30:35', 4, 1, 1, NULL, 1, 1),
	(72, '2025-12-12 00:55:50', '2025-12-12 00:55:50', 2, 2, 2, NULL, 1, 1),
	(73, '2025-12-12 21:20:15', '2025-12-12 21:20:15', 4, 3, 1, NULL, 1, 1),
	(74, '2025-12-13 17:45:40', '2025-12-13 17:45:40', 2, 4, 3, NULL, 1, 1),
	(75, '2025-12-14 23:10:25', '2025-12-14 23:10:25', 4, 5, 2, NULL, 1, 1),
	(76, '2025-12-15 20:35:10', '2025-12-15 20:35:10', 2, 6, 1, NULL, 1, 1),
	(77, '2025-12-16 18:00:45', '2025-12-16 18:00:45', 4, 7, 2, NULL, 1, 1),
	(78, '2025-12-17 22:25:20', '2025-12-17 22:25:20', 2, 1, 3, NULL, 1, 1),
	(79, '2025-12-18 19:50:35', '2025-12-18 19:50:35', 4, 2, 1, NULL, 1, 1),
	(80, '2025-12-20 00:15:50', '2025-12-20 00:15:50', 2, 3, 2, NULL, 1, 1),
	(81, '2025-12-20 21:40:15', '2025-12-20 21:40:15', 4, 4, 1, NULL, 1, 1),
	(82, '2025-12-21 17:05:40', '2025-12-21 17:05:40', 2, 5, 3, NULL, 1, 1),
	(83, '2025-12-22 23:30:25', '2025-12-22 23:30:25', 4, 6, 2, NULL, 1, 1),
	(84, '2025-12-23 20:55:10', '2025-12-23 20:55:10', 2, 7, 1, NULL, 1, 1),
	(85, '2025-12-24 18:20:45', '2025-12-24 18:20:45', 4, 1, 2, NULL, 1, 1),
	(86, '2025-12-25 22:45:20', '2025-12-25 22:45:20', 2, 2, 3, NULL, 1, 1),
	(87, '2025-12-26 19:10:35', '2025-12-26 19:10:35', 4, 3, 1, NULL, 1, 1),
	(88, '2025-12-28 00:35:50', '2025-12-28 00:35:50', 2, 4, 2, NULL, 1, 1),
	(89, '2025-12-28 21:00:15', '2025-12-28 21:00:15', 4, 5, 1, NULL, 1, 1),
	(90, '2025-12-29 17:25:40', '2025-12-29 17:25:40', 2, 6, 3, NULL, 1, 1),
	(91, '2025-12-30 23:50:25', '2025-12-30 23:50:25', 4, 7, 2, NULL, 1, 1),
	(92, '2025-12-31 20:15:10', '2025-12-31 20:15:10', 2, 1, 1, NULL, 1, 1),
	(93, '2026-01-01 18:40:45', '2026-01-01 18:40:45', 4, 2, 2, NULL, 1, 1),
	(94, '2026-01-02 22:05:20', '2026-01-02 22:05:20', 2, 3, 3, NULL, 1, 1),
	(95, '2026-01-03 19:30:35', '2026-01-03 19:30:35', 4, 4, 1, NULL, 1, 1),
	(96, '2026-01-05 00:55:50', '2026-01-05 00:55:50', 2, 5, 2, NULL, 1, 1),
	(97, '2026-01-05 21:20:15', '2026-01-05 21:20:15', 4, 6, 1, NULL, 1, 1),
	(98, '2026-01-06 17:45:40', '2026-01-06 17:45:40', 2, 7, 3, NULL, 1, 1),
	(99, '2026-01-07 23:10:25', '2026-01-07 23:10:25', 4, 1, 2, NULL, 1, 1),
	(100, '2026-01-08 20:35:10', '2026-01-08 20:35:10', 2, 2, 1, NULL, 1, 1),
	(101, '2026-01-09 18:00:45', '2026-01-09 18:00:45', 4, 3, 2, NULL, 1, 1),
	(102, '2026-01-10 22:25:20', '2026-01-10 22:25:20', 2, 4, 1, NULL, 1, 1),
	(103, '2026-01-11 19:50:35', '2026-01-11 19:50:35', 4, 5, 3, NULL, 1, 1);

-- Dumping structure for table hemaplus-database.categories
CREATE TABLE IF NOT EXISTS `categories` (
  `id` bigint unsigned NOT NULL AUTO_INCREMENT,
  `created_at` timestamp NULL DEFAULT NULL,
  `updated_at` timestamp NULL DEFAULT NULL,
  `name` varchar(255) COLLATE utf8mb4_unicode_ci DEFAULT NULL,
  `img` varchar(255) COLLATE utf8mb4_unicode_ci DEFAULT NULL,
  `deleted_at` datetime DEFAULT NULL,
  `is_activate` tinyint NOT NULL DEFAULT '1',
  `report_id` tinyint NOT NULL DEFAULT '1',
  PRIMARY KEY (`id`)
) ENGINE=InnoDB AUTO_INCREMENT=9 DEFAULT CHARSET=utf8mb4 COLLATE=utf8mb4_unicode_ci;

-- Dumping data for table hemaplus-database.categories: ~8 rows (approximately)
DELETE FROM `categories`;
INSERT INTO `categories` (`id`, `created_at`, `updated_at`, `name`, `img`, `deleted_at`, `is_activate`, `report_id`) VALUES
	(1, '2025-10-08 05:13:11', '2025-10-08 05:13:11', 'Medicines', 'admin/assets/images/categories/175987999166555.png', NULL, 1, 1),
	(2, '2025-10-08 05:13:26', '2025-10-08 05:13:26', 'Medical Supplies', 'admin/assets/images/categories/175987999486234.png', NULL, 1, 1),
	(3, '2025-10-08 05:13:40', '2025-10-08 05:13:40', 'Health Care', 'admin/assets/images/categories/175987999735896.png', NULL, 1, 1),
	(4, '2025-10-08 05:13:54', '2025-10-08 05:13:54', 'Devices', 'admin/assets/images/categories/175987999918923.png', NULL, 1, 1),
	(5, '2025-10-08 05:14:09', '2025-10-08 05:14:09', 'Equipment', 'admin/assets/images/categories/175988000099999.png', NULL, 1, 1),
	(6, '2025-10-08 05:14:26', '2025-10-08 05:14:26', 'Vitamins', 'admin/assets/images/categories/175988000306152.png', NULL, 1, 1),
	(7, '2025-10-08 05:14:42', '2025-10-08 05:14:42', 'Supplements', 'admin/assets/images/categories/175988000507389.png', NULL, 1, 1),
	(8, '2025-10-08 05:14:58', '2025-10-08 05:14:58', 'Other', 'admin/assets/images/categories/175988000722466.png', NULL, 1, 1);

-- Dumping structure for table hemaplus-database.contacts
CREATE TABLE IF NOT EXISTS `contacts` (
  `id` bigint unsigned NOT NULL AUTO_INCREMENT,
  `created_at` timestamp NULL DEFAULT NULL,
  `updated_at` timestamp NULL DEFAULT NULL,
  `mobile` varchar(255) COLLATE utf8mb4_unicode_ci DEFAULT NULL,
  `email` varchar(255) COLLATE utf8mb4_unicode_ci DEFAULT NULL,
  `location` varchar(1255) COLLATE utf8mb4_unicode_ci DEFAULT NULL,
  `details` varchar(1255) COLLATE utf8mb4_unicode_ci DEFAULT NULL,
  `deleted_at` datetime DEFAULT NULL,
  `is_activate` tinyint NOT NULL DEFAULT '1',
  `report_id` tinyint NOT NULL DEFAULT '1',
  PRIMARY KEY (`id`)
) ENGINE=InnoDB AUTO_INCREMENT=9 DEFAULT CHARSET=utf8mb4 COLLATE=utf8mb4_unicode_ci;

-- Dumping data for table hemaplus-database.contacts: ~8 rows (approximately)
DELETE FROM `contacts`;
INSERT INTO `contacts` (`id`, `created_at`, `updated_at`, `mobile`, `email`, `location`, `details`, `deleted_at`, `is_activate`, `report_id`) VALUES
	(1, '2025-10-10 16:30:15', '2025-10-10 16:30:15', '1234567890', 'john@example.com', 'New York', 'Test contact 1', NULL, 1, 1),
	(2, '2025-10-12 21:20:45', '2025-10-12 21:20:45', '0987654321', 'jane@example.com', 'Los Angeles', 'Test contact 2', NULL, 1, 1),
	(3, '2025-10-15 18:45:20', '2025-10-15 18:45:20', '5555555555', 'bob@example.com', 'Chicago', 'Test contact 3', NULL, 1, 1),
	(4, '2025-10-18 23:10:30', '2025-10-18 23:10:30', '6666666666', 'alice@example.com', 'Houston', 'Test contact 4', NULL, 1, 1),
	(5, '2025-10-22 17:25:15', '2025-10-22 17:25:15', '7777777777', 'charlie@example.com', 'Phoenix', 'Test contact 5', NULL, 1, 1),
	(6, '2025-11-08 21:50:40', '2025-11-08 21:50:40', '8888888888', 'diana@example.com', 'Philadelphia', 'Test contact 6', NULL, 1, 1),
	(7, '2025-11-15 17:15:25', '2025-11-15 17:15:25', '9999999999', 'edward@example.com', 'San Antonio', 'Test contact 7', NULL, 1, 1),
	(8, '2026-02-20 04:00:47', '2026-02-20 04:00:47', '+201064338132', 'iyoussefbusinesstowork@gmail.com', 'asdasd', 'asd', NULL, 1, 1);

-- Dumping structure for table hemaplus-database.conversations
CREATE TABLE IF NOT EXISTS `conversations` (
  `id` bigint unsigned NOT NULL AUTO_INCREMENT,
  `user_one_id` bigint unsigned NOT NULL,
  `user_two_id` bigint unsigned NOT NULL,
  `last_message_at` timestamp NULL DEFAULT NULL,
  `is_blocked` tinyint(1) NOT NULL DEFAULT '0',
  `blocked_by` bigint unsigned DEFAULT NULL,
  `created_at` timestamp NULL DEFAULT NULL,
  `updated_at` timestamp NULL DEFAULT NULL,
  PRIMARY KEY (`id`)
) ENGINE=InnoDB AUTO_INCREMENT=3 DEFAULT CHARSET=utf8mb4 COLLATE=utf8mb4_unicode_ci;

-- Dumping data for table hemaplus-database.conversations: ~2 rows (approximately)
DELETE FROM `conversations`;
INSERT INTO `conversations` (`id`, `user_one_id`, `user_two_id`, `last_message_at`, `is_blocked`, `blocked_by`, `created_at`, `updated_at`) VALUES
	(1, 2, 1, NULL, 0, NULL, '2025-10-10 17:00:00', '2025-10-10 17:00:00'),
	(2, 4, 5, NULL, 0, NULL, '2025-10-11 17:00:00', '2025-10-11 17:00:00');

-- Dumping structure for table hemaplus-database.countries
CREATE TABLE IF NOT EXISTS `countries` (
  `id` bigint unsigned NOT NULL AUTO_INCREMENT,
  `created_at` timestamp NULL DEFAULT NULL,
  `updated_at` timestamp NULL DEFAULT NULL,
  `name` varchar(255) COLLATE utf8mb4_unicode_ci DEFAULT NULL,
  `deleted_at` datetime DEFAULT NULL,
  `is_activate` tinyint NOT NULL DEFAULT '1',
  `report_id` tinyint NOT NULL DEFAULT '1',
  PRIMARY KEY (`id`)
) ENGINE=InnoDB AUTO_INCREMENT=3 DEFAULT CHARSET=utf8mb4 COLLATE=utf8mb4_unicode_ci;

-- Dumping data for table hemaplus-database.countries: ~2 rows (approximately)
DELETE FROM `countries`;
INSERT INTO `countries` (`id`, `created_at`, `updated_at`, `name`, `deleted_at`, `is_activate`, `report_id`) VALUES
	(1, '2025-10-08 05:12:31', '2025-10-08 05:12:31', 'Saudi Arabia', NULL, 1, 1),
	(2, '2025-10-08 05:12:37', '2025-10-08 05:12:37', 'United Arab Emirates', NULL, 1, 1);

-- Dumping structure for table hemaplus-database.coupons
CREATE TABLE IF NOT EXISTS `coupons` (
  `id` bigint unsigned NOT NULL AUTO_INCREMENT,
  `created_at` timestamp NULL DEFAULT NULL,
  `updated_at` timestamp NULL DEFAULT NULL,
  `name` varchar(255) COLLATE utf8mb4_unicode_ci DEFAULT NULL,
  `amount` int DEFAULT NULL,
  `type` tinyint DEFAULT NULL COMMENT '1 => amount, 2 => percentage',
  `deleted_at` datetime DEFAULT NULL,
  `is_activate` tinyint NOT NULL DEFAULT '1',
  `report_id` tinyint NOT NULL DEFAULT '1',
  PRIMARY KEY (`id`)
) ENGINE=InnoDB AUTO_INCREMENT=4 DEFAULT CHARSET=utf8mb4 COLLATE=utf8mb4_unicode_ci;

-- Dumping data for table hemaplus-database.coupons: ~3 rows (approximately)
DELETE FROM `coupons`;
INSERT INTO `coupons` (`id`, `created_at`, `updated_at`, `name`, `amount`, `type`, `deleted_at`, `is_activate`, `report_id`) VALUES
	(1, '2025-10-08 05:26:14', '2025-10-08 05:26:14', 'SAVE10', 10, 2, NULL, 1, 1),
	(2, '2025-10-08 05:26:36', '2025-10-08 05:26:36', 'SAVE50', 50, 1, NULL, 1, 1),
	(3, '2025-10-08 05:26:57', '2025-10-08 05:26:57', 'SAVE20', 20, 2, NULL, 1, 1);

-- Dumping structure for table hemaplus-database.failed_jobs
CREATE TABLE IF NOT EXISTS `failed_jobs` (
  `id` bigint unsigned NOT NULL AUTO_INCREMENT,
  `uuid` varchar(255) COLLATE utf8mb4_unicode_ci NOT NULL,
  `connection` text COLLATE utf8mb4_unicode_ci NOT NULL,
  `queue` text COLLATE utf8mb4_unicode_ci NOT NULL,
  `payload` longtext COLLATE utf8mb4_unicode_ci NOT NULL,
  `exception` longtext COLLATE utf8mb4_unicode_ci NOT NULL,
  `failed_at` timestamp NOT NULL DEFAULT CURRENT_TIMESTAMP,
  `report_id` tinyint NOT NULL DEFAULT '1',
  PRIMARY KEY (`id`),
  UNIQUE KEY `failed_jobs_uuid_unique` (`uuid`)
) ENGINE=InnoDB DEFAULT CHARSET=utf8mb4 COLLATE=utf8mb4_unicode_ci;

-- Dumping data for table hemaplus-database.failed_jobs: ~0 rows (approximately)
DELETE FROM `failed_jobs`;

-- Dumping structure for table hemaplus-database.favorites
CREATE TABLE IF NOT EXISTS `favorites` (
  `id` bigint unsigned NOT NULL AUTO_INCREMENT,
  `created_at` timestamp NULL DEFAULT NULL,
  `updated_at` timestamp NULL DEFAULT NULL,
  `user_id` int DEFAULT NULL,
  `product_id` int DEFAULT NULL,
  `deleted_at` datetime DEFAULT NULL,
  `is_activate` tinyint NOT NULL DEFAULT '1',
  `report_id` int NOT NULL DEFAULT '1',
  PRIMARY KEY (`id`)
) ENGINE=InnoDB AUTO_INCREMENT=16 DEFAULT CHARSET=utf8mb4 COLLATE=utf8mb4_unicode_ci;

-- Dumping data for table hemaplus-database.favorites: ~15 rows (approximately)
DELETE FROM `favorites`;
INSERT INTO `favorites` (`id`, `created_at`, `updated_at`, `user_id`, `product_id`, `deleted_at`, `is_activate`, `report_id`) VALUES
	(1, '2025-10-08 05:22:45', '2025-10-08 05:22:45', 2, 1, NULL, 1, 1),
	(2, '2025-10-08 05:23:10', '2025-10-08 05:23:10', 2, 3, NULL, 1, 1),
	(3, '2025-10-08 05:23:35', '2025-10-08 05:23:35', 4, 2, NULL, 1, 1),
	(4, '2025-10-08 05:24:00', '2025-10-08 05:24:00', 4, 5, NULL, 1, 1),
	(5, '2025-10-10 20:30:20', '2025-10-10 20:30:20', 2, 6, NULL, 1, 1),
	(6, '2025-10-11 22:35:45', '2025-10-11 22:35:45', 3, 4, NULL, 1, 1),
	(7, '2025-10-15 17:20:15', '2025-10-15 17:20:15', 2, 7, NULL, 1, 1),
	(8, '2025-10-17 21:45:30', '2025-10-17 21:45:30', 4, 1, NULL, 1, 1),
	(9, '2025-10-20 18:15:50', '2025-10-20 18:15:50', 2, 3, NULL, 1, 1),
	(10, '2025-10-25 23:30:20', '2025-10-25 23:30:20', 4, 5, NULL, 1, 1),
	(11, '2025-11-08 20:40:15', '2025-11-08 20:40:15', 21, 2, NULL, 1, 1),
	(12, '2025-11-11 17:55:45', '2025-11-11 17:55:45', 22, 4, NULL, 1, 1),
	(13, '2025-11-15 22:20:10', '2025-11-15 22:20:10', 23, 6, NULL, 1, 1),
	(14, '2025-11-18 18:35:30', '2025-11-18 18:35:30', 26, 1, NULL, 1, 1),
	(15, '2025-11-22 23:50:20', '2025-11-22 23:50:20', 28, 7, NULL, 1, 1);

-- Dumping structure for table hemaplus-database.info
CREATE TABLE IF NOT EXISTS `info` (
  `id` bigint unsigned NOT NULL AUTO_INCREMENT,
  `created_at` timestamp NULL DEFAULT NULL,
  `updated_at` timestamp NULL DEFAULT NULL,
  `mobile` varchar(255) COLLATE utf8mb4_unicode_ci DEFAULT NULL,
  `email` varchar(255) COLLATE utf8mb4_unicode_ci DEFAULT NULL,
  `vat` varchar(255) COLLATE utf8mb4_unicode_ci DEFAULT NULL,
  `desc` text COLLATE utf8mb4_unicode_ci,
  `message` text COLLATE utf8mb4_unicode_ci,
  `vision` text COLLATE utf8mb4_unicode_ci,
  `asks` text COLLATE utf8mb4_unicode_ci,
  `abouts` text COLLATE utf8mb4_unicode_ci,
  `terms` text COLLATE utf8mb4_unicode_ci,
  `privacy_policies` text COLLATE utf8mb4_unicode_ci,
  `deleted_at` datetime DEFAULT NULL,
  `is_activate` tinyint NOT NULL DEFAULT '1',
  `location` varchar(255) COLLATE utf8mb4_unicode_ci DEFAULT NULL,
  `facebook` varchar(255) COLLATE utf8mb4_unicode_ci DEFAULT NULL,
  `instagram` varchar(255) COLLATE utf8mb4_unicode_ci DEFAULT NULL,
  `twitter` varchar(255) COLLATE utf8mb4_unicode_ci DEFAULT NULL,
  `snapchat` varchar(255) COLLATE utf8mb4_unicode_ci DEFAULT NULL,
  `tiktok` varchar(255) COLLATE utf8mb4_unicode_ci DEFAULT NULL,
  `report_id` tinyint NOT NULL DEFAULT '1',
  PRIMARY KEY (`id`)
) ENGINE=InnoDB AUTO_INCREMENT=2 DEFAULT CHARSET=utf8mb4 COLLATE=utf8mb4_unicode_ci;

-- Dumping data for table hemaplus-database.info: ~1 rows (approximately)
DELETE FROM `info`;
INSERT INTO `info` (`id`, `created_at`, `updated_at`, `mobile`, `email`, `vat`, `desc`, `message`, `vision`, `asks`, `abouts`, `terms`, `privacy_policies`, `deleted_at`, `is_activate`, `location`, `facebook`, `instagram`, `twitter`, `snapchat`, `tiktok`, `report_id`) VALUES
	(1, '2025-10-08 05:11:42', '2025-10-08 05:11:42', '+966123456789', 'info@himaplus.com', '300000000000003', 'Hima Plus is a leading online platform for medical supplies and healthcare products.', 'Welcome to Hima Plus', 'Our vision is to provide quality healthcare products to everyone', 'Frequently Asked Questions', 'About Hima Plus Company', 'Terms and conditions for Hima Plus services', 'Privacy policy information - we protect your data', NULL, 1, NULL, NULL, NULL, NULL, NULL, NULL, 1);

-- Dumping structure for table hemaplus-database.jobs
CREATE TABLE IF NOT EXISTS `jobs` (
  `id` bigint unsigned NOT NULL AUTO_INCREMENT,
  `queue` varchar(255) COLLATE utf8mb4_unicode_ci NOT NULL,
  `payload` longtext COLLATE utf8mb4_unicode_ci NOT NULL,
  `attempts` tinyint unsigned NOT NULL,
  `reserved_at` int unsigned DEFAULT NULL,
  `available_at` int unsigned NOT NULL,
  `created_at` int unsigned NOT NULL,
  `report_id` tinyint NOT NULL DEFAULT '1',
  PRIMARY KEY (`id`),
  KEY `jobs_queue_index` (`queue`)
) ENGINE=InnoDB DEFAULT CHARSET=utf8mb4 COLLATE=utf8mb4_unicode_ci;

-- Dumping data for table hemaplus-database.jobs: ~0 rows (approximately)
DELETE FROM `jobs`;

-- Dumping structure for table hemaplus-database.messages
CREATE TABLE IF NOT EXISTS `messages` (
  `id` bigint unsigned NOT NULL AUTO_INCREMENT,
  `conversation_id` bigint unsigned NOT NULL,
  `sender_id` bigint unsigned NOT NULL,
  `receiver_id` bigint unsigned NOT NULL,
  `message` text COLLATE utf8mb4_unicode_ci,
  `file` varchar(255) COLLATE utf8mb4_unicode_ci DEFAULT NULL,
  `message_type` enum('text','file') COLLATE utf8mb4_unicode_ci DEFAULT 'text',
  `is_read` tinyint(1) NOT NULL DEFAULT '0',
  `read_at` timestamp NULL DEFAULT NULL,
  `is_deleted_by_sender` tinyint(1) NOT NULL DEFAULT '0',
  `is_deleted_by_receiver` tinyint(1) NOT NULL DEFAULT '0',
  `created_at` timestamp NULL DEFAULT NULL,
  `updated_at` timestamp NULL DEFAULT NULL,
  PRIMARY KEY (`id`)
) ENGINE=InnoDB AUTO_INCREMENT=32 DEFAULT CHARSET=utf8mb4 COLLATE=utf8mb4_unicode_ci;

-- Dumping data for table hemaplus-database.messages: ~31 rows (approximately)
DELETE FROM `messages`;
INSERT INTO `messages` (`id`, `conversation_id`, `sender_id`, `receiver_id`, `message`, `file`, `message_type`, `is_read`, `read_at`, `is_deleted_by_sender`, `is_deleted_by_receiver`, `created_at`, `updated_at`) VALUES
	(1, 1, 1, 2, 'Test message 1', NULL, 'text', 1, NULL, 0, 0, '2025-10-10 07:00:00', '2025-10-10 07:00:00'),
	(2, 2, 4, 5, 'Test message 2', NULL, 'text', 1, NULL, 0, 0, '2025-10-10 08:00:00', '2025-10-10 08:00:00'),
	(3, 1, 1, 2, 'Test message 3', NULL, 'text', 1, NULL, 0, 0, '2025-10-10 09:00:00', '2025-10-10 09:00:00'),
	(4, 2, 4, 5, 'Test message 4', NULL, 'text', 1, NULL, 0, 0, '2025-10-10 10:00:00', '2025-10-10 10:00:00'),
	(5, 1, 1, 2, 'Test message 5', NULL, 'text', 1, NULL, 0, 0, '2025-10-10 11:00:00', '2025-10-10 11:00:00'),
	(6, 2, 4, 5, 'Test message 6', NULL, 'text', 1, NULL, 0, 0, '2025-10-10 12:00:00', '2025-10-10 12:00:00'),
	(7, 1, 1, 2, 'Test message 7', NULL, 'text', 1, NULL, 0, 0, '2025-10-10 13:00:00', '2025-10-10 13:00:00'),
	(8, 2, 4, 5, 'Test message 8', NULL, 'text', 1, NULL, 0, 0, '2025-10-10 14:00:00', '2025-10-10 14:00:00'),
	(9, 1, 1, 2, 'Test message 9', NULL, 'text', 1, NULL, 0, 0, '2025-10-10 15:00:00', '2025-10-10 15:00:00'),
	(10, 2, 4, 5, 'Test message 10', NULL, 'text', 1, NULL, 0, 0, '2025-10-10 16:00:00', '2025-10-10 16:00:00'),
	(11, 1, 1, 2, 'Test message 11', NULL, 'text', 1, NULL, 0, 0, '2025-10-10 17:00:00', '2025-10-10 17:00:00'),
	(12, 2, 4, 5, 'Test message 12', NULL, 'text', 1, NULL, 0, 0, '2025-10-10 18:00:00', '2025-10-10 18:00:00'),
	(13, 1, 1, 2, 'Test message 13', NULL, 'text', 1, NULL, 0, 0, '2025-10-10 19:00:00', '2025-10-10 19:00:00'),
	(14, 2, 4, 5, 'Test message 14', NULL, 'text', 1, NULL, 0, 0, '2025-10-10 20:00:00', '2025-10-10 20:00:00'),
	(15, 1, 1, 2, 'Test message 15', NULL, 'text', 1, NULL, 0, 0, '2025-10-10 21:00:00', '2025-10-10 21:00:00'),
	(16, 2, 4, 5, 'Test message 16', NULL, 'text', 1, NULL, 0, 0, '2025-10-10 22:00:00', '2025-10-10 22:00:00'),
	(17, 1, 1, 2, 'Test message 17', NULL, 'text', 1, NULL, 0, 0, '2025-10-10 23:00:00', '2025-10-10 23:00:00'),
	(18, 2, 4, 5, 'Test message 18', NULL, 'text', 1, NULL, 0, 0, '2025-10-11 00:00:00', '2025-10-11 00:00:00'),
	(19, 1, 1, 2, 'Test message 19', NULL, 'text', 1, NULL, 0, 0, '2025-10-11 01:00:00', '2025-10-11 01:00:00'),
	(20, 2, 4, 5, 'Test message 20', NULL, 'text', 0, NULL, 0, 0, '2025-10-11 02:00:00', '2025-10-11 02:00:00'),
	(21, 1, 1, 2, 'Test message 21', NULL, 'text', 0, NULL, 0, 0, '2025-10-11 03:00:00', '2025-10-11 03:00:00'),
	(22, 2, 4, 5, 'Test message 22', NULL, 'text', 0, NULL, 0, 0, '2025-10-11 04:00:00', '2025-10-11 04:00:00'),
	(23, 1, 1, 2, 'Test message 23', NULL, 'text', 0, NULL, 0, 0, '2025-10-11 05:00:00', '2025-10-11 05:00:00'),
	(24, 2, 4, 5, 'Test message 24', NULL, 'text', 0, NULL, 0, 0, '2025-10-11 06:00:00', '2025-10-11 06:00:00'),
	(25, 1, 1, 2, 'Test message 25', NULL, 'text', 0, NULL, 0, 0, '2025-10-11 07:00:00', '2025-10-11 07:00:00'),
	(26, 2, 4, 5, 'Test message 26', NULL, 'text', 0, NULL, 0, 0, '2025-10-11 08:00:00', '2025-10-11 08:00:00'),
	(27, 1, 1, 2, 'Test message 27', NULL, 'text', 0, NULL, 0, 0, '2025-10-11 09:00:00', '2025-10-11 09:00:00'),
	(28, 2, 4, 5, 'Test message 28', NULL, 'text', 0, NULL, 0, 0, '2025-10-11 10:00:00', '2025-10-11 10:00:00'),
	(29, 1, 1, 2, 'Test message 29', NULL, 'text', 0, NULL, 0, 0, '2025-10-11 11:00:00', '2025-10-11 11:00:00'),
	(30, 2, 4, 5, 'Test message 30', NULL, 'text', 0, NULL, 0, 0, '2025-10-11 12:00:00', '2025-10-11 12:00:00'),
	(31, 1, 1, 2, 'Test message 31', NULL, 'text', 0, NULL, 0, 0, '2025-10-11 13:00:00', '2025-10-11 13:00:00');

-- Dumping structure for table hemaplus-database.migrations
CREATE TABLE IF NOT EXISTS `migrations` (
  `id` int unsigned NOT NULL AUTO_INCREMENT,
  `migration` varchar(255) COLLATE utf8mb4_unicode_ci NOT NULL,
  `batch` int NOT NULL,
  `report_id` tinyint NOT NULL DEFAULT '1',
  PRIMARY KEY (`id`)
) ENGINE=InnoDB AUTO_INCREMENT=384 DEFAULT CHARSET=utf8mb4 COLLATE=utf8mb4_unicode_ci;

-- Dumping data for table hemaplus-database.migrations: ~30 rows (approximately)
DELETE FROM `migrations`;
INSERT INTO `migrations` (`id`, `migration`, `batch`, `report_id`) VALUES
	(354, '2014_10_12_000000_create_users_table', 1, 1),
	(355, '2014_10_12_100000_create_password_reset_tokens_table', 1, 1),
	(356, '2019_08_19_000000_create_failed_jobs_table', 1, 1),
	(357, '2019_12_14_000001_create_personal_access_tokens_table', 1, 1),
	(358, '2023_10_18_000000_create_cart_table', 1, 1),
	(359, '2023_10_19_000000_create_admins_table', 1, 1),
	(360, '2023_10_19_000000_create_categories_table', 1, 1),
	(361, '2023_10_19_000000_create_contacts_table', 1, 1),
	(362, '2023_10_19_000000_create_countries_table', 1, 1),
	(363, '2023_10_19_000000_create_coupons_table', 1, 1),
	(364, '2023_10_19_000000_create_favorites_table', 1, 1),
	(365, '2023_10_19_000000_create_info_table', 1, 1),
	(366, '2023_10_19_000000_create_notifications_table', 1, 1),
	(367, '2023_10_19_000000_create_offers_table', 1, 1),
	(368, '2023_10_19_000000_create_orderItems_table', 1, 1),
	(369, '2023_10_19_000000_create_order_partial_receive_table', 1, 1),
	(370, '2023_10_19_000000_create_order_timeline_table', 1, 1),
	(371, '2023_10_19_000000_create_orders_table', 1, 1),
	(372, '2023_10_19_000000_create_products_table', 1, 1),
	(373, '2023_10_19_000000_create_ratings_table', 1, 1),
	(374, '2023_10_19_000000_create_reports_table', 1, 1),
	(375, '2023_10_19_000000_create_users_table', 1, 1),
	(376, '2025_10_22_000000_create_add_cloumns_info_table', 1, 1),
	(377, '2025_10_23_063338_create_jobs_table', 1, 1),
	(378, '2025_10_25_000000_create_orders_add_columns_table', 1, 1),
	(379, '2025_10_28_112139_add_status_to_all_tables', 1, 1),
	(380, '2025_11_07_000001_create_conversations_table', 1, 1),
	(381, '2025_11_07_000002_create_messages_table', 1, 1),
	(382, '2025_11_07_000004_simplify_messages_table', 1, 1),
	(383, '2026_02_02_094719_add_notification_fields_to_notifications_table', 2, 1);

-- Dumping structure for table hemaplus-database.notifications
CREATE TABLE IF NOT EXISTS `notifications` (
  `id` bigint unsigned NOT NULL AUTO_INCREMENT,
  `created_at` timestamp NULL DEFAULT NULL,
  `updated_at` timestamp NULL DEFAULT NULL,
  `title` varchar(255) COLLATE utf8mb4_unicode_ci DEFAULT NULL,
  `content` varchar(1255) COLLATE utf8mb4_unicode_ci DEFAULT NULL,
  `message` text COLLATE utf8mb4_unicode_ci,
  `type` varchar(50) COLLATE utf8mb4_unicode_ci DEFAULT NULL COMMENT 'order, offer, scheduled, rating, system',
  `action_url` varchar(500) COLLATE utf8mb4_unicode_ci DEFAULT NULL,
  `meta` json DEFAULT NULL COMMENT 'order_id, offer_id, etc',
  `read_at` timestamp NULL DEFAULT NULL,
  `serviceable_type` varchar(255) COLLATE utf8mb4_unicode_ci DEFAULT NULL,
  `serviceable_id` bigint unsigned DEFAULT NULL,
  `order_id` int DEFAULT NULL,
  `user_id` int DEFAULT NULL,
  `deleted_at` datetime DEFAULT NULL,
  `is_activate` tinyint NOT NULL DEFAULT '1',
  `report_id` tinyint NOT NULL DEFAULT '1',
  PRIMARY KEY (`id`),
  KEY `notifications_serviceable_type_serviceable_id_index` (`serviceable_type`,`serviceable_id`)
) ENGINE=InnoDB AUTO_INCREMENT=238 DEFAULT CHARSET=utf8mb4 COLLATE=utf8mb4_unicode_ci;

-- Dumping data for table hemaplus-database.notifications: ~228 rows (approximately)
DELETE FROM `notifications`;
INSERT INTO `notifications` (`id`, `created_at`, `updated_at`, `title`, `content`, `message`, `type`, `action_url`, `meta`, `read_at`, `serviceable_type`, `serviceable_id`, `order_id`, `user_id`, `deleted_at`, `is_activate`, `report_id`) VALUES
	(1, '2026-01-26 20:37:11', '2026-01-26 20:37:11', 'Payment Received', 'Your payment has been processed', NULL, NULL, NULL, NULL, NULL, NULL, NULL, 1, 2, NULL, 1, 1),
	(2, '2026-01-26 20:37:11', '2026-01-26 20:37:11', 'Order Updated', 'Your order status has been updated', NULL, NULL, NULL, NULL, NULL, NULL, NULL, 2, 2, NULL, 1, 1),
	(3, '2026-01-26 20:37:11', '2026-01-26 20:37:11', 'New Offer Available', 'A new offer is available for you', NULL, NULL, NULL, NULL, NULL, NULL, NULL, 3, 3, NULL, 1, 1),
	(4, '2026-01-26 20:37:11', '2026-01-26 20:37:11', 'Order Confirmed', 'Your order has been confirmed', NULL, NULL, NULL, NULL, NULL, NULL, NULL, 4, 4, NULL, 1, 1),
	(5, '2026-01-26 20:37:11', '2026-01-26 20:37:11', 'Item Delivered', 'Your item has been delivered', NULL, NULL, NULL, NULL, NULL, NULL, NULL, 5, 5, NULL, 1, 1),
	(6, '2026-01-26 20:37:11', '2026-01-26 20:37:11', 'Payment Received', 'Your payment has been processed', NULL, NULL, NULL, NULL, NULL, NULL, NULL, 6, 6, NULL, 1, 1),
	(7, '2026-01-26 20:37:11', '2026-01-26 20:37:11', 'Order Updated', 'Your order status has been updated', NULL, NULL, NULL, NULL, NULL, NULL, NULL, 7, 7, NULL, 1, 1),
	(8, '2026-01-26 20:37:11', '2026-01-26 20:37:11', 'New Offer Available', 'A new offer is available for you', NULL, NULL, NULL, NULL, NULL, NULL, NULL, 8, 8, NULL, 1, 1),
	(9, '2026-01-26 20:37:11', '2026-01-26 20:37:11', 'Order Confirmed', 'Your order has been confirmed', NULL, NULL, NULL, NULL, NULL, NULL, NULL, 9, 9, NULL, 1, 1),
	(10, '2026-01-26 20:37:11', '2026-01-26 20:37:11', 'Item Delivered', 'Your item has been delivered', NULL, NULL, NULL, NULL, NULL, NULL, NULL, 10, 10, NULL, 1, 1),
	(11, '2026-01-26 20:37:11', '2026-01-26 20:37:11', 'Payment Received', 'Your payment has been processed', NULL, NULL, NULL, NULL, NULL, NULL, NULL, 11, 11, NULL, 1, 1),
	(12, '2026-01-26 20:37:11', '2026-01-26 20:37:11', 'Order Updated', 'Your order status has been updated', NULL, NULL, NULL, NULL, NULL, NULL, NULL, 12, 12, NULL, 1, 1),
	(13, '2026-01-26 20:37:11', '2026-01-26 20:37:11', 'New Offer Available', 'A new offer is available for you', NULL, NULL, NULL, NULL, NULL, NULL, NULL, 13, 13, NULL, 1, 1),
	(14, '2026-01-26 20:37:11', '2026-01-26 20:37:11', 'Order Confirmed', 'Your order has been confirmed', NULL, NULL, NULL, NULL, NULL, NULL, NULL, 14, 14, NULL, 1, 1),
	(15, '2026-01-26 20:37:11', '2026-01-26 20:37:11', 'Item Delivered', 'Your item has been delivered', NULL, NULL, NULL, NULL, NULL, NULL, NULL, 15, 15, NULL, 1, 1),
	(16, '2026-01-26 20:37:11', '2026-01-26 20:37:11', 'Payment Received', 'Your payment has been processed', NULL, NULL, NULL, NULL, NULL, NULL, NULL, 16, 16, NULL, 1, 1),
	(17, '2026-01-26 20:37:11', '2026-01-26 20:37:11', 'Order Updated', 'Your order status has been updated', NULL, NULL, NULL, NULL, NULL, NULL, NULL, 17, 17, NULL, 1, 1),
	(18, '2026-01-26 20:37:11', '2026-01-26 20:37:11', 'New Offer Available', 'A new offer is available for you', NULL, NULL, NULL, NULL, NULL, NULL, NULL, 18, 18, NULL, 1, 1),
	(19, '2026-01-26 20:37:11', '2026-01-26 20:37:11', 'Order Confirmed', 'Your order has been confirmed', NULL, NULL, NULL, NULL, NULL, NULL, NULL, 19, 19, NULL, 1, 1),
	(20, '2026-01-26 20:37:11', '2026-01-26 20:37:11', 'Item Delivered', 'Your item has been delivered', NULL, NULL, NULL, NULL, NULL, NULL, NULL, 20, 20, NULL, 1, 1),
	(21, '2026-01-26 20:37:11', '2026-01-26 20:37:11', 'Payment Received', 'Your payment has been processed', NULL, NULL, NULL, NULL, NULL, NULL, NULL, 21, 21, NULL, 1, 1),
	(22, '2026-01-26 20:37:11', '2026-01-26 20:37:11', 'Order Updated', 'Your order status has been updated', NULL, NULL, NULL, NULL, NULL, NULL, NULL, 22, 22, NULL, 1, 1),
	(23, '2026-01-26 20:37:11', '2026-01-26 20:37:11', 'New Offer Available', 'A new offer is available for you', NULL, NULL, NULL, NULL, NULL, NULL, NULL, 23, 23, NULL, 1, 1),
	(24, '2026-01-26 20:37:11', '2026-01-26 20:37:11', 'Order Confirmed', 'Your order has been confirmed', NULL, NULL, NULL, NULL, NULL, NULL, NULL, 24, 24, NULL, 1, 1),
	(25, '2026-01-26 20:37:11', '2026-01-26 20:37:11', 'Item Delivered', 'Your item has been delivered', NULL, NULL, NULL, NULL, NULL, NULL, NULL, 25, 25, NULL, 1, 1),
	(26, '2026-01-26 20:37:11', '2026-01-26 20:37:11', 'Payment Received', 'Your payment has been processed', NULL, NULL, NULL, NULL, NULL, NULL, NULL, 26, 26, NULL, 1, 1),
	(27, '2026-01-26 20:37:11', '2026-01-26 20:37:11', 'Order Updated', 'Your order status has been updated', NULL, NULL, NULL, NULL, NULL, NULL, NULL, 27, 27, NULL, 1, 1),
	(28, '2026-01-26 20:37:11', '2026-01-26 20:37:11', 'New Offer Available', 'A new offer is available for you', NULL, NULL, NULL, NULL, NULL, NULL, NULL, 28, 28, NULL, 1, 1),
	(29, '2026-01-26 20:37:11', '2026-01-26 20:37:11', 'Order Confirmed', 'Your order has been confirmed', NULL, NULL, NULL, NULL, NULL, NULL, NULL, 29, 2, NULL, 1, 1),
	(30, '2026-01-26 20:37:11', '2026-01-26 20:37:11', 'Item Delivered', 'Your item has been delivered', NULL, NULL, NULL, NULL, NULL, NULL, NULL, 30, 2, NULL, 1, 1),
	(31, '2026-01-26 20:37:11', '2026-01-26 20:37:11', 'Payment Received', 'Your payment has been processed', NULL, NULL, NULL, NULL, NULL, NULL, NULL, 31, 3, NULL, 1, 1),
	(32, '2026-01-26 20:37:11', '2026-01-26 20:37:11', 'Order Updated', 'Your order status has been updated', NULL, NULL, NULL, NULL, NULL, NULL, NULL, 32, 4, NULL, 1, 1),
	(33, '2026-01-26 20:37:11', '2026-01-26 20:37:11', 'New Offer Available', 'A new offer is available for you', NULL, NULL, NULL, NULL, NULL, NULL, NULL, 33, 5, NULL, 1, 1),
	(34, '2026-01-26 20:37:11', '2026-01-26 20:37:11', 'Order Confirmed', 'Your order has been confirmed', NULL, NULL, NULL, NULL, NULL, NULL, NULL, 34, 6, NULL, 1, 1),
	(35, '2026-01-26 20:37:11', '2026-01-26 20:37:11', 'Item Delivered', 'Your item has been delivered', NULL, NULL, NULL, NULL, NULL, NULL, NULL, 35, 7, NULL, 1, 1),
	(36, '2026-01-26 20:37:11', '2026-01-26 20:37:11', 'Payment Received', 'Your payment has been processed', NULL, NULL, NULL, NULL, NULL, NULL, NULL, 36, 8, NULL, 1, 1),
	(37, '2026-01-26 20:37:11', '2026-01-26 20:37:11', 'Order Updated', 'Your order status has been updated', NULL, NULL, NULL, NULL, NULL, NULL, NULL, 37, 9, NULL, 1, 1),
	(38, '2026-01-26 20:37:11', '2026-01-26 20:37:11', 'New Offer Available', 'A new offer is available for you', NULL, NULL, NULL, NULL, NULL, NULL, NULL, 38, 10, NULL, 1, 1),
	(39, '2026-01-26 20:37:11', '2026-01-26 20:37:11', 'Order Confirmed', 'Your order has been confirmed', NULL, NULL, NULL, NULL, NULL, NULL, NULL, 39, 11, NULL, 1, 1),
	(40, '2026-01-26 20:37:11', '2026-01-26 20:37:11', 'Item Delivered', 'Your item has been delivered', NULL, NULL, NULL, NULL, NULL, NULL, NULL, 40, 12, NULL, 1, 1),
	(41, '2026-01-26 20:37:11', '2026-01-26 20:37:11', 'Payment Received', 'Your payment has been processed', NULL, NULL, NULL, NULL, NULL, NULL, NULL, 41, 13, NULL, 1, 1),
	(42, '2026-01-26 20:37:11', '2026-01-26 20:37:11', 'Order Updated', 'Your order status has been updated', NULL, NULL, NULL, NULL, NULL, NULL, NULL, 42, 14, NULL, 1, 1),
	(43, '2026-01-26 20:37:11', '2026-01-26 20:37:11', 'New Offer Available', 'A new offer is available for you', NULL, NULL, NULL, NULL, NULL, NULL, NULL, 43, 15, NULL, 1, 1),
	(44, '2026-01-26 20:37:11', '2026-01-26 20:37:11', 'Order Confirmed', 'Your order has been confirmed', NULL, NULL, NULL, NULL, NULL, NULL, NULL, 44, 16, NULL, 1, 1),
	(45, '2026-01-26 20:37:11', '2026-01-26 20:37:11', 'Item Delivered', 'Your item has been delivered', NULL, NULL, NULL, NULL, NULL, NULL, NULL, 45, 17, NULL, 1, 1),
	(46, '2026-01-26 20:37:11', '2026-01-26 20:37:11', 'Payment Received', 'Your payment has been processed', NULL, NULL, NULL, NULL, NULL, NULL, NULL, 46, 18, NULL, 1, 1),
	(47, '2026-01-26 20:37:11', '2026-01-26 20:37:11', 'Order Updated', 'Your order status has been updated', NULL, NULL, NULL, NULL, NULL, NULL, NULL, 47, 19, NULL, 1, 1),
	(48, '2026-01-26 20:37:11', '2026-01-26 20:37:11', 'New Offer Available', 'A new offer is available for you', NULL, NULL, NULL, NULL, NULL, NULL, NULL, 48, 20, NULL, 1, 1),
	(49, '2026-01-26 20:37:11', '2026-01-26 20:37:11', 'Order Confirmed', 'Your order has been confirmed', NULL, NULL, NULL, NULL, NULL, NULL, NULL, 49, 21, NULL, 1, 1),
	(50, '2026-01-26 20:37:11', '2026-01-26 20:37:11', 'Item Delivered', 'Your item has been delivered', NULL, NULL, NULL, NULL, NULL, NULL, NULL, 50, 22, NULL, 1, 1),
	(51, '2026-01-26 20:37:11', '2026-01-26 20:37:11', 'Payment Received', 'Your payment has been processed', NULL, NULL, NULL, NULL, NULL, NULL, NULL, 51, 23, NULL, 1, 1),
	(52, '2026-01-26 20:37:11', '2026-01-26 20:37:11', 'Order Updated', 'Your order status has been updated', NULL, NULL, NULL, NULL, NULL, NULL, NULL, 52, 24, NULL, 1, 1),
	(53, '2026-01-26 20:37:11', '2026-01-26 20:37:11', 'New Offer Available', 'A new offer is available for you', NULL, NULL, NULL, NULL, NULL, NULL, NULL, 53, 25, NULL, 1, 1),
	(54, '2026-01-26 20:37:11', '2026-01-26 20:37:11', 'Order Confirmed', 'Your order has been confirmed', NULL, NULL, NULL, NULL, NULL, NULL, NULL, 54, 26, NULL, 1, 1),
	(55, '2026-01-26 20:37:11', '2026-01-26 20:37:11', 'Item Delivered', 'Your item has been delivered', NULL, NULL, NULL, NULL, NULL, NULL, NULL, 55, 27, NULL, 1, 1),
	(56, '2026-01-26 20:37:11', '2026-01-26 20:37:11', 'Payment Received', 'Your payment has been processed', NULL, NULL, NULL, NULL, NULL, NULL, NULL, 56, 28, NULL, 1, 1),
	(57, '2026-01-26 20:37:11', '2026-01-26 20:37:11', 'Order Updated', 'Your order status has been updated', NULL, NULL, NULL, NULL, NULL, NULL, NULL, 57, 2, NULL, 1, 1),
	(58, '2026-01-26 20:37:11', '2026-01-26 20:37:11', 'New Offer Available', 'A new offer is available for you', NULL, NULL, NULL, NULL, NULL, NULL, NULL, 58, 2, NULL, 1, 1),
	(59, '2026-01-26 20:37:11', '2026-01-26 20:37:11', 'Order Confirmed', 'Your order has been confirmed', NULL, NULL, NULL, NULL, NULL, NULL, NULL, 59, 3, NULL, 1, 1),
	(60, '2026-01-26 20:37:11', '2026-01-26 20:37:11', 'Item Delivered', 'Your item has been delivered', NULL, NULL, NULL, NULL, NULL, NULL, NULL, 60, 4, NULL, 1, 1),
	(61, '2026-01-26 20:37:11', '2026-01-26 20:37:11', 'Payment Received', 'Your payment has been processed', NULL, NULL, NULL, NULL, NULL, NULL, NULL, 61, 5, NULL, 1, 1),
	(62, '2026-01-26 20:37:11', '2026-01-26 20:37:11', 'Order Updated', 'Your order status has been updated', NULL, NULL, NULL, NULL, NULL, NULL, NULL, 62, 6, NULL, 1, 1),
	(63, '2026-01-26 20:37:11', '2026-01-26 20:37:11', 'New Offer Available', 'A new offer is available for you', NULL, NULL, NULL, NULL, NULL, NULL, NULL, 63, 7, NULL, 1, 1),
	(64, '2026-01-26 20:37:11', '2026-01-26 20:37:11', 'Order Confirmed', 'Your order has been confirmed', NULL, NULL, NULL, NULL, NULL, NULL, NULL, 64, 8, NULL, 1, 1),
	(65, '2026-01-26 20:37:11', '2026-01-26 20:37:11', 'Item Delivered', 'Your item has been delivered', NULL, NULL, NULL, NULL, NULL, NULL, NULL, 1, 9, NULL, 1, 1),
	(66, '2026-01-26 20:37:11', '2026-01-26 20:37:11', 'Payment Received', 'Your payment has been processed', NULL, NULL, NULL, NULL, NULL, NULL, NULL, 2, 10, NULL, 1, 1),
	(67, '2026-01-26 20:37:11', '2026-01-26 20:37:11', 'Order Updated', 'Your order status has been updated', NULL, NULL, NULL, NULL, NULL, NULL, NULL, 3, 11, NULL, 1, 1),
	(68, '2026-01-26 20:37:11', '2026-01-26 20:37:11', 'New Offer Available', 'A new offer is available for you', NULL, NULL, NULL, NULL, NULL, NULL, NULL, 4, 12, NULL, 1, 1),
	(69, '2026-01-26 20:37:11', '2026-01-26 20:37:11', 'Order Confirmed', 'Your order has been confirmed', NULL, NULL, NULL, NULL, NULL, NULL, NULL, 5, 13, NULL, 1, 1),
	(70, '2026-01-26 20:37:11', '2026-01-26 20:37:11', 'Item Delivered', 'Your item has been delivered', NULL, NULL, NULL, NULL, NULL, NULL, NULL, 6, 14, NULL, 1, 1),
	(71, '2026-01-26 20:37:11', '2026-01-26 20:37:11', 'Payment Received', 'Your payment has been processed', NULL, NULL, NULL, NULL, NULL, NULL, NULL, 7, 15, NULL, 1, 1),
	(72, '2026-01-26 20:37:11', '2026-01-26 20:37:11', 'Order Updated', 'Your order status has been updated', NULL, NULL, NULL, NULL, NULL, NULL, NULL, 8, 16, NULL, 1, 1),
	(73, '2026-01-26 20:37:11', '2026-01-26 20:37:11', 'New Offer Available', 'A new offer is available for you', NULL, NULL, NULL, NULL, NULL, NULL, NULL, 9, 17, NULL, 1, 1),
	(74, '2026-01-26 20:37:11', '2026-01-26 20:37:11', 'Order Confirmed', 'Your order has been confirmed', NULL, NULL, NULL, NULL, NULL, NULL, NULL, 10, 18, NULL, 1, 1),
	(75, '2026-01-26 20:37:11', '2026-01-26 20:37:11', 'Item Delivered', 'Your item has been delivered', NULL, NULL, NULL, NULL, NULL, NULL, NULL, 11, 19, NULL, 1, 1),
	(76, '2026-01-26 20:37:11', '2026-01-26 20:37:11', 'Payment Received', 'Your payment has been processed', NULL, NULL, NULL, NULL, NULL, NULL, NULL, 12, 20, NULL, 1, 1),
	(77, '2026-01-26 20:37:11', '2026-01-26 20:37:11', 'Order Updated', 'Your order status has been updated', NULL, NULL, NULL, NULL, NULL, NULL, NULL, 13, 21, NULL, 1, 1),
	(78, '2026-01-26 20:37:11', '2026-01-26 20:37:11', 'New Offer Available', 'A new offer is available for you', NULL, NULL, NULL, NULL, NULL, NULL, NULL, 14, 22, NULL, 1, 1),
	(79, '2026-01-26 20:37:11', '2026-01-26 20:37:11', 'Order Confirmed', 'Your order has been confirmed', NULL, NULL, NULL, NULL, NULL, NULL, NULL, 15, 23, NULL, 1, 1),
	(80, '2026-01-26 20:37:11', '2026-01-26 20:37:11', 'Item Delivered', 'Your item has been delivered', NULL, NULL, NULL, NULL, NULL, NULL, NULL, 16, 24, NULL, 1, 1),
	(81, '2026-01-26 20:37:11', '2026-01-26 20:37:11', 'Payment Received', 'Your payment has been processed', NULL, NULL, NULL, NULL, NULL, NULL, NULL, 17, 25, NULL, 1, 1),
	(82, '2026-01-26 20:37:11', '2026-01-26 20:37:11', 'Order Updated', 'Your order status has been updated', NULL, NULL, NULL, NULL, NULL, NULL, NULL, 18, 26, NULL, 1, 1),
	(83, '2026-01-26 20:37:11', '2026-01-26 20:37:11', 'New Offer Available', 'A new offer is available for you', NULL, NULL, NULL, NULL, NULL, NULL, NULL, 19, 27, NULL, 1, 1),
	(84, '2026-01-26 20:37:11', '2026-01-26 20:37:11', 'Order Confirmed', 'Your order has been confirmed', NULL, NULL, NULL, NULL, NULL, NULL, NULL, 20, 28, NULL, 1, 1),
	(85, '2026-01-26 20:37:11', '2026-01-26 20:37:11', 'Item Delivered', 'Your item has been delivered', NULL, NULL, NULL, NULL, NULL, NULL, NULL, 21, 2, NULL, 1, 1),
	(86, '2026-01-26 20:37:11', '2026-01-26 20:37:11', 'Payment Received', 'Your payment has been processed', NULL, NULL, NULL, NULL, NULL, NULL, NULL, 22, 2, NULL, 1, 1),
	(87, '2026-01-26 20:37:11', '2026-01-26 20:37:11', 'Order Updated', 'Your order status has been updated', NULL, NULL, NULL, NULL, NULL, NULL, NULL, 23, 3, NULL, 1, 1),
	(88, '2026-01-26 20:37:11', '2026-01-26 20:37:11', 'New Offer Available', 'A new offer is available for you', NULL, NULL, NULL, NULL, NULL, NULL, NULL, 24, 4, NULL, 1, 1),
	(89, '2026-01-26 20:37:11', '2026-01-26 20:37:11', 'Order Confirmed', 'Your order has been confirmed', NULL, NULL, NULL, NULL, NULL, NULL, NULL, 25, 5, NULL, 1, 1),
	(90, '2026-01-26 20:37:11', '2026-01-26 20:37:11', 'Item Delivered', 'Your item has been delivered', NULL, NULL, NULL, NULL, NULL, NULL, NULL, 26, 6, NULL, 1, 1),
	(91, '2026-01-26 20:37:11', '2026-01-26 20:37:11', 'Payment Received', 'Your payment has been processed', NULL, NULL, NULL, NULL, NULL, NULL, NULL, 27, 7, NULL, 1, 1),
	(92, '2026-01-26 20:37:11', '2026-01-26 20:37:11', 'Order Updated', 'Your order status has been updated', NULL, NULL, NULL, NULL, NULL, NULL, NULL, 28, 8, NULL, 1, 1),
	(93, '2026-01-26 20:37:11', '2026-01-26 20:37:11', 'New Offer Available', 'A new offer is available for you', NULL, NULL, NULL, NULL, NULL, NULL, NULL, 29, 9, NULL, 1, 1),
	(94, '2026-01-26 20:37:11', '2026-01-26 20:37:11', 'Order Confirmed', 'Your order has been confirmed', NULL, NULL, NULL, NULL, NULL, NULL, NULL, 30, 10, NULL, 1, 1),
	(95, '2026-01-26 20:37:11', '2026-01-26 20:37:11', 'Item Delivered', 'Your item has been delivered', NULL, NULL, NULL, NULL, NULL, NULL, NULL, 31, 11, NULL, 1, 1),
	(96, '2026-01-26 20:37:11', '2026-01-26 20:37:11', 'Payment Received', 'Your payment has been processed', NULL, NULL, NULL, NULL, NULL, NULL, NULL, 32, 12, NULL, 1, 1),
	(97, '2026-01-26 20:37:11', '2026-01-26 20:37:11', 'Order Updated', 'Your order status has been updated', NULL, NULL, NULL, NULL, NULL, NULL, NULL, 33, 13, NULL, 1, 1),
	(98, '2026-01-26 20:37:11', '2026-01-26 20:37:11', 'New Offer Available', 'A new offer is available for you', NULL, NULL, NULL, NULL, NULL, NULL, NULL, 34, 14, NULL, 1, 1),
	(99, '2026-01-26 20:37:11', '2026-01-26 20:37:11', 'Order Confirmed', 'Your order has been confirmed', NULL, NULL, NULL, NULL, NULL, NULL, NULL, 35, 15, NULL, 1, 1),
	(100, '2026-01-26 20:37:11', '2026-01-26 20:37:11', 'Item Delivered', 'Your item has been delivered', NULL, NULL, NULL, NULL, NULL, NULL, NULL, 36, 16, NULL, 1, 1),
	(101, '2026-01-26 20:37:11', '2026-01-26 20:37:11', 'Payment Received', 'Your payment has been processed', NULL, NULL, NULL, NULL, NULL, NULL, NULL, 37, 17, NULL, 1, 1),
	(102, '2026-01-26 20:37:11', '2026-01-26 20:37:11', 'Order Updated', 'Your order status has been updated', NULL, NULL, NULL, NULL, NULL, NULL, NULL, 38, 18, NULL, 1, 1),
	(103, '2026-01-26 20:37:11', '2026-01-26 20:37:11', 'New Offer Available', 'A new offer is available for you', NULL, NULL, NULL, NULL, NULL, NULL, NULL, 39, 19, NULL, 1, 1),
	(104, '2026-01-26 20:37:11', '2026-01-26 20:37:11', 'Order Confirmed', 'Your order has been confirmed', NULL, NULL, NULL, NULL, NULL, NULL, NULL, 40, 20, NULL, 1, 1),
	(105, '2026-01-26 20:37:11', '2026-01-26 20:37:11', 'Item Delivered', 'Your item has been delivered', NULL, NULL, NULL, NULL, NULL, NULL, NULL, 41, 21, NULL, 1, 1),
	(106, '2026-01-26 20:37:11', '2026-01-26 20:37:11', 'Payment Received', 'Your payment has been processed', NULL, NULL, NULL, NULL, NULL, NULL, NULL, 42, 22, NULL, 1, 1),
	(107, '2026-01-26 20:37:11', '2026-01-26 20:37:11', 'Order Updated', 'Your order status has been updated', NULL, NULL, NULL, NULL, NULL, NULL, NULL, 43, 23, NULL, 1, 1),
	(108, '2026-01-26 20:37:11', '2026-01-26 20:37:11', 'New Offer Available', 'A new offer is available for you', NULL, NULL, NULL, NULL, NULL, NULL, NULL, 44, 24, NULL, 1, 1),
	(109, '2026-01-26 20:37:11', '2026-01-26 20:37:11', 'Order Confirmed', 'Your order has been confirmed', NULL, NULL, NULL, NULL, NULL, NULL, NULL, 45, 25, NULL, 1, 1),
	(110, '2026-01-26 20:37:11', '2026-01-26 20:37:11', 'Item Delivered', 'Your item has been delivered', NULL, NULL, NULL, NULL, NULL, NULL, NULL, 46, 26, NULL, 1, 1),
	(111, '2026-01-26 20:37:11', '2026-01-26 20:37:11', 'Payment Received', 'Your payment has been processed', NULL, NULL, NULL, NULL, NULL, NULL, NULL, 47, 27, NULL, 1, 1),
	(112, '2026-01-26 20:37:11', '2026-01-26 20:37:11', 'Order Updated', 'Your order status has been updated', NULL, NULL, NULL, NULL, NULL, NULL, NULL, 48, 28, NULL, 1, 1),
	(113, '2026-01-26 20:37:11', '2026-01-26 20:37:11', 'New Offer Available', 'A new offer is available for you', NULL, NULL, NULL, NULL, NULL, NULL, NULL, 49, 2, NULL, 1, 1),
	(114, '2026-01-26 20:37:11', '2026-01-26 20:37:11', 'Order Confirmed', 'Your order has been confirmed', NULL, NULL, NULL, NULL, NULL, NULL, NULL, 50, 2, NULL, 1, 1),
	(115, '2026-01-26 20:37:11', '2026-01-26 20:37:11', 'Item Delivered', 'Your item has been delivered', NULL, NULL, NULL, NULL, NULL, NULL, NULL, 51, 3, NULL, 1, 1),
	(116, '2026-01-26 20:37:11', '2026-01-26 20:37:11', 'Payment Received', 'Your payment has been processed', NULL, NULL, NULL, NULL, NULL, NULL, NULL, 52, 4, NULL, 1, 1),
	(117, '2026-01-26 20:37:11', '2026-01-26 20:37:11', 'Order Updated', 'Your order status has been updated', NULL, NULL, NULL, NULL, NULL, NULL, NULL, 53, 5, NULL, 1, 1),
	(118, '2026-01-26 20:37:11', '2026-01-26 20:37:11', 'New Offer Available', 'A new offer is available for you', NULL, NULL, NULL, NULL, NULL, NULL, NULL, 54, 6, NULL, 1, 1),
	(119, '2026-01-26 20:37:11', '2026-01-26 20:37:11', 'Order Confirmed', 'Your order has been confirmed', NULL, NULL, NULL, NULL, NULL, NULL, NULL, 55, 7, NULL, 1, 1),
	(120, '2026-01-26 20:37:11', '2026-01-26 20:37:11', 'Item Delivered', 'Your item has been delivered', NULL, NULL, NULL, NULL, NULL, NULL, NULL, 56, 8, NULL, 1, 1),
	(121, '2026-01-26 20:37:11', '2026-01-26 20:37:11', 'Payment Received', 'Your payment has been processed', NULL, NULL, NULL, NULL, NULL, NULL, NULL, 57, 9, NULL, 1, 1),
	(122, '2026-01-26 20:37:11', '2026-01-26 20:37:11', 'Order Updated', 'Your order status has been updated', NULL, NULL, NULL, NULL, NULL, NULL, NULL, 58, 10, NULL, 1, 1),
	(123, '2026-01-26 20:37:11', '2026-01-26 20:37:11', 'New Offer Available', 'A new offer is available for you', NULL, NULL, NULL, NULL, NULL, NULL, NULL, 59, 11, NULL, 1, 1),
	(124, '2026-01-26 20:37:11', '2026-01-26 20:37:11', 'Order Confirmed', 'Your order has been confirmed', NULL, NULL, NULL, NULL, NULL, NULL, NULL, 60, 12, NULL, 1, 1),
	(125, '2026-01-26 20:37:11', '2026-01-26 20:37:11', 'Item Delivered', 'Your item has been delivered', NULL, NULL, NULL, NULL, NULL, NULL, NULL, 61, 13, NULL, 1, 1),
	(126, '2026-01-26 20:37:11', '2026-01-26 20:37:11', 'Payment Received', 'Your payment has been processed', NULL, NULL, NULL, NULL, NULL, NULL, NULL, 62, 14, NULL, 1, 1),
	(127, '2026-01-26 20:37:11', '2026-01-26 20:37:11', 'Order Updated', 'Your order status has been updated', NULL, NULL, NULL, NULL, NULL, NULL, NULL, 63, 15, NULL, 1, 1),
	(128, '2026-01-26 20:37:11', '2026-01-26 20:37:11', 'New Offer Available', 'A new offer is available for you', NULL, NULL, NULL, NULL, NULL, NULL, NULL, 64, 16, NULL, 1, 1),
	(129, '2026-01-26 20:37:11', '2026-01-26 20:37:11', 'Order Confirmed', 'Your order has been confirmed', NULL, NULL, NULL, NULL, NULL, NULL, NULL, 1, 17, NULL, 1, 1),
	(130, '2026-01-26 20:37:11', '2026-01-26 20:37:11', 'Item Delivered', 'Your item has been delivered', NULL, NULL, NULL, NULL, NULL, NULL, NULL, 2, 18, NULL, 1, 1),
	(131, '2026-01-26 20:37:11', '2026-01-26 20:37:11', 'Payment Received', 'Your payment has been processed', NULL, NULL, NULL, NULL, NULL, NULL, NULL, 3, 19, NULL, 1, 1),
	(132, '2026-01-26 20:37:11', '2026-01-26 20:37:11', 'Order Updated', 'Your order status has been updated', NULL, NULL, NULL, NULL, NULL, NULL, NULL, 4, 20, NULL, 1, 1),
	(133, '2026-01-26 20:37:11', '2026-01-26 20:37:11', 'New Offer Available', 'A new offer is available for you', NULL, NULL, NULL, NULL, NULL, NULL, NULL, 5, 21, NULL, 1, 1),
	(134, '2026-01-26 20:37:11', '2026-01-26 20:37:11', 'Order Confirmed', 'Your order has been confirmed', NULL, NULL, NULL, NULL, NULL, NULL, NULL, 6, 22, NULL, 1, 1),
	(135, '2026-01-26 20:37:11', '2026-01-26 20:37:11', 'Item Delivered', 'Your item has been delivered', NULL, NULL, NULL, NULL, NULL, NULL, NULL, 7, 23, NULL, 1, 1),
	(136, '2026-01-26 20:37:11', '2026-01-26 20:37:11', 'Payment Received', 'Your payment has been processed', NULL, NULL, NULL, NULL, NULL, NULL, NULL, 8, 24, NULL, 1, 1),
	(137, '2026-01-26 20:37:11', '2026-01-26 20:37:11', 'Order Updated', 'Your order status has been updated', NULL, NULL, NULL, NULL, NULL, NULL, NULL, 9, 25, NULL, 1, 1),
	(138, '2026-01-26 20:37:11', '2026-01-26 20:37:11', 'New Offer Available', 'A new offer is available for you', NULL, NULL, NULL, NULL, NULL, NULL, NULL, 10, 26, NULL, 1, 1),
	(139, '2026-01-26 20:37:11', '2026-01-26 20:37:11', 'Order Confirmed', 'Your order has been confirmed', NULL, NULL, NULL, NULL, NULL, NULL, NULL, 11, 27, NULL, 1, 1),
	(140, '2026-01-26 20:37:11', '2026-01-26 20:37:11', 'Item Delivered', 'Your item has been delivered', NULL, NULL, NULL, NULL, NULL, NULL, NULL, 12, 28, NULL, 1, 1),
	(141, '2026-01-26 20:37:11', '2026-01-26 20:37:11', 'Payment Received', 'Your payment has been processed', NULL, NULL, NULL, NULL, NULL, NULL, NULL, 13, 2, NULL, 1, 1),
	(142, '2026-01-26 20:37:11', '2026-01-26 20:37:11', 'Order Updated', 'Your order status has been updated', NULL, NULL, NULL, NULL, NULL, NULL, NULL, 14, 2, NULL, 1, 1),
	(143, '2026-01-26 20:37:11', '2026-01-26 20:37:11', 'New Offer Available', 'A new offer is available for you', NULL, NULL, NULL, NULL, NULL, NULL, NULL, 15, 3, NULL, 1, 1),
	(144, '2026-01-26 20:37:11', '2026-01-26 20:37:11', 'Order Confirmed', 'Your order has been confirmed', NULL, NULL, NULL, NULL, NULL, NULL, NULL, 16, 4, NULL, 1, 1),
	(145, '2026-01-26 20:37:11', '2026-01-26 20:37:11', 'Item Delivered', 'Your item has been delivered', NULL, NULL, NULL, NULL, NULL, NULL, NULL, 17, 5, NULL, 1, 1),
	(146, '2026-01-26 20:37:11', '2026-01-26 20:37:11', 'Payment Received', 'Your payment has been processed', NULL, NULL, NULL, NULL, NULL, NULL, NULL, 18, 6, NULL, 1, 1),
	(147, '2026-01-26 20:37:11', '2026-01-26 20:37:11', 'Order Updated', 'Your order status has been updated', NULL, NULL, NULL, NULL, NULL, NULL, NULL, 19, 7, NULL, 1, 1),
	(148, '2026-01-26 20:37:11', '2026-01-26 20:37:11', 'New Offer Available', 'A new offer is available for you', NULL, NULL, NULL, NULL, NULL, NULL, NULL, 20, 8, NULL, 1, 1),
	(149, '2026-01-26 20:37:11', '2026-01-26 20:37:11', 'Order Confirmed', 'Your order has been confirmed', NULL, NULL, NULL, NULL, NULL, NULL, NULL, 21, 9, NULL, 1, 1),
	(150, '2026-01-26 20:37:11', '2026-01-26 20:37:11', 'Item Delivered', 'Your item has been delivered', NULL, NULL, NULL, NULL, NULL, NULL, NULL, 22, 10, NULL, 1, 1),
	(151, '2026-01-26 20:37:11', '2026-01-26 20:37:11', 'Payment Received', 'Your payment has been processed', NULL, NULL, NULL, NULL, NULL, NULL, NULL, 23, 11, NULL, 1, 1),
	(152, '2026-01-26 20:37:11', '2026-01-26 20:37:11', 'Order Updated', 'Your order status has been updated', NULL, NULL, NULL, NULL, NULL, NULL, NULL, 24, 12, NULL, 1, 1),
	(153, '2026-01-26 20:37:11', '2026-01-26 20:37:11', 'New Offer Available', 'A new offer is available for you', NULL, NULL, NULL, NULL, NULL, NULL, NULL, 25, 13, NULL, 1, 1),
	(154, '2026-01-26 20:37:11', '2026-01-26 20:37:11', 'Order Confirmed', 'Your order has been confirmed', NULL, NULL, NULL, NULL, NULL, NULL, NULL, 26, 14, NULL, 1, 1),
	(155, '2026-01-26 20:37:11', '2026-01-26 20:37:11', 'Item Delivered', 'Your item has been delivered', NULL, NULL, NULL, NULL, NULL, NULL, NULL, 27, 15, NULL, 1, 1),
	(156, '2026-01-26 20:37:11', '2026-01-26 20:37:11', 'Payment Received', 'Your payment has been processed', NULL, NULL, NULL, NULL, NULL, NULL, NULL, 28, 16, NULL, 1, 1),
	(157, '2026-01-26 20:37:11', '2026-01-26 20:37:11', 'Order Updated', 'Your order status has been updated', NULL, NULL, NULL, NULL, NULL, NULL, NULL, 29, 17, NULL, 1, 1),
	(158, '2026-01-26 20:37:11', '2026-01-26 20:37:11', 'New Offer Available', 'A new offer is available for you', NULL, NULL, NULL, NULL, NULL, NULL, NULL, 30, 18, NULL, 1, 1),
	(159, '2026-01-26 20:37:11', '2026-01-26 20:37:11', 'Order Confirmed', 'Your order has been confirmed', NULL, NULL, NULL, NULL, NULL, NULL, NULL, 31, 19, NULL, 1, 1),
	(160, '2026-01-26 20:37:11', '2026-01-26 20:37:11', 'Item Delivered', 'Your item has been delivered', NULL, NULL, NULL, NULL, NULL, NULL, NULL, 32, 20, NULL, 1, 1),
	(161, '2026-01-26 20:37:11', '2026-01-26 20:37:11', 'Payment Received', 'Your payment has been processed', NULL, NULL, NULL, NULL, NULL, NULL, NULL, 33, 21, NULL, 1, 1),
	(162, '2026-01-26 20:37:11', '2026-01-26 20:37:11', 'Order Updated', 'Your order status has been updated', NULL, NULL, NULL, NULL, NULL, NULL, NULL, 34, 22, NULL, 1, 1),
	(163, '2026-01-26 20:37:11', '2026-01-26 20:37:11', 'New Offer Available', 'A new offer is available for you', NULL, NULL, NULL, NULL, NULL, NULL, NULL, 35, 23, NULL, 1, 1),
	(164, '2026-01-26 20:37:11', '2026-01-26 20:37:11', 'Order Confirmed', 'Your order has been confirmed', NULL, NULL, NULL, NULL, NULL, NULL, NULL, 36, 24, NULL, 1, 1),
	(165, '2026-01-26 20:37:11', '2026-01-26 20:37:11', 'Item Delivered', 'Your item has been delivered', NULL, NULL, NULL, NULL, NULL, NULL, NULL, 37, 25, NULL, 1, 1),
	(166, '2026-01-26 20:37:11', '2026-01-26 20:37:11', 'Payment Received', 'Your payment has been processed', NULL, NULL, NULL, NULL, NULL, NULL, NULL, 38, 26, NULL, 1, 1),
	(167, '2026-01-26 20:37:11', '2026-01-26 20:37:11', 'Order Updated', 'Your order status has been updated', NULL, NULL, NULL, NULL, NULL, NULL, NULL, 39, 27, NULL, 1, 1),
	(168, '2026-01-26 20:37:11', '2026-01-26 20:37:11', 'New Offer Available', 'A new offer is available for you', NULL, NULL, NULL, NULL, NULL, NULL, NULL, 40, 28, NULL, 1, 1),
	(169, '2026-01-26 20:37:11', '2026-01-26 20:37:11', 'Order Confirmed', 'Your order has been confirmed', NULL, NULL, NULL, NULL, NULL, NULL, NULL, 41, 2, NULL, 1, 1),
	(170, '2026-01-26 20:37:11', '2026-01-26 20:37:11', 'Item Delivered', 'Your item has been delivered', NULL, NULL, NULL, NULL, NULL, NULL, NULL, 42, 2, NULL, 1, 1),
	(171, '2026-01-26 20:37:11', '2026-01-26 20:37:11', 'Payment Received', 'Your payment has been processed', NULL, NULL, NULL, NULL, NULL, NULL, NULL, 43, 3, NULL, 1, 1),
	(172, '2026-01-26 20:37:11', '2026-01-26 20:37:11', 'Order Updated', 'Your order status has been updated', NULL, NULL, NULL, NULL, NULL, NULL, NULL, 44, 4, NULL, 1, 1),
	(173, '2026-01-26 20:37:11', '2026-01-26 20:37:11', 'New Offer Available', 'A new offer is available for you', NULL, NULL, NULL, NULL, NULL, NULL, NULL, 45, 5, NULL, 1, 1),
	(174, '2026-01-26 20:37:11', '2026-01-26 20:37:11', 'Order Confirmed', 'Your order has been confirmed', NULL, NULL, NULL, NULL, NULL, NULL, NULL, 46, 6, NULL, 1, 1),
	(175, '2026-01-26 20:37:11', '2026-01-26 20:37:11', 'Item Delivered', 'Your item has been delivered', NULL, NULL, NULL, NULL, NULL, NULL, NULL, 47, 7, NULL, 1, 1),
	(176, '2026-01-26 20:37:11', '2026-01-26 20:37:11', 'Payment Received', 'Your payment has been processed', NULL, NULL, NULL, NULL, NULL, NULL, NULL, 48, 8, NULL, 1, 1),
	(177, '2026-01-26 20:37:11', '2026-01-26 20:37:11', 'Order Updated', 'Your order status has been updated', NULL, NULL, NULL, NULL, NULL, NULL, NULL, 49, 9, NULL, 1, 1),
	(178, '2026-01-26 20:37:11', '2026-01-26 20:37:11', 'New Offer Available', 'A new offer is available for you', NULL, NULL, NULL, NULL, NULL, NULL, NULL, 50, 10, NULL, 1, 1),
	(179, '2026-01-26 20:37:11', '2026-01-26 20:37:11', 'Order Confirmed', 'Your order has been confirmed', NULL, NULL, NULL, NULL, NULL, NULL, NULL, 51, 11, NULL, 1, 1),
	(180, '2026-01-26 20:37:11', '2026-01-26 20:37:11', 'Item Delivered', 'Your item has been delivered', NULL, NULL, NULL, NULL, NULL, NULL, NULL, 52, 12, NULL, 1, 1),
	(181, '2026-01-26 20:37:11', '2026-01-26 20:37:11', 'Payment Received', 'Your payment has been processed', NULL, NULL, NULL, NULL, NULL, NULL, NULL, 53, 13, NULL, 1, 1),
	(182, '2026-01-26 20:37:11', '2026-01-26 20:37:11', 'Order Updated', 'Your order status has been updated', NULL, NULL, NULL, NULL, NULL, NULL, NULL, 54, 14, NULL, 1, 1),
	(183, '2026-01-26 20:37:11', '2026-01-26 20:37:11', 'New Offer Available', 'A new offer is available for you', NULL, NULL, NULL, NULL, NULL, NULL, NULL, 55, 15, NULL, 1, 1),
	(184, '2026-01-26 20:37:11', '2026-01-26 20:37:11', 'Order Confirmed', 'Your order has been confirmed', NULL, NULL, NULL, NULL, NULL, NULL, NULL, 56, 16, NULL, 1, 1),
	(185, '2026-01-26 20:37:11', '2026-01-26 20:37:11', 'Item Delivered', 'Your item has been delivered', NULL, NULL, NULL, NULL, NULL, NULL, NULL, 57, 17, NULL, 1, 1),
	(186, '2026-01-26 20:37:11', '2026-01-26 20:37:11', 'Payment Received', 'Your payment has been processed', NULL, NULL, NULL, NULL, NULL, NULL, NULL, 58, 18, NULL, 1, 1),
	(187, '2026-01-26 20:37:11', '2026-01-26 20:37:11', 'Order Updated', 'Your order status has been updated', NULL, NULL, NULL, NULL, NULL, NULL, NULL, 59, 19, NULL, 1, 1),
	(188, '2026-01-26 20:37:11', '2026-01-26 20:37:11', 'New Offer Available', 'A new offer is available for you', NULL, NULL, NULL, NULL, NULL, NULL, NULL, 60, 20, NULL, 1, 1),
	(189, '2026-01-26 20:37:11', '2026-01-26 20:37:11', 'Order Confirmed', 'Your order has been confirmed', NULL, NULL, NULL, NULL, NULL, NULL, NULL, 61, 21, NULL, 1, 1),
	(190, '2026-01-26 20:37:11', '2026-01-26 20:37:11', 'Item Delivered', 'Your item has been delivered', NULL, NULL, NULL, NULL, NULL, NULL, NULL, 62, 22, NULL, 1, 1),
	(191, '2026-01-26 23:54:11', '2026-01-26 23:54:11', 'Notification 1', 'New order received from Customer', NULL, NULL, NULL, NULL, NULL, NULL, NULL, 86, 29, NULL, 1, 1),
	(192, '2026-01-26 23:54:11', '2026-01-26 23:54:11', 'Notification 2', 'Your offer was accepted!', NULL, NULL, NULL, NULL, NULL, NULL, NULL, 87, 29, NULL, 1, 1),
	(193, '2026-01-26 23:54:11', '2026-01-26 23:54:11', 'Notification 3', 'New message from customer', NULL, NULL, NULL, NULL, NULL, NULL, NULL, 88, 29, NULL, 1, 1),
	(194, '2026-01-26 23:54:11', '2026-01-26 23:54:11', 'Notification 4', 'Order status has been updated', NULL, NULL, NULL, NULL, NULL, NULL, NULL, 89, 29, NULL, 1, 1),
	(195, '2026-01-26 23:54:11', '2026-01-26 23:54:11', 'Notification 5', 'Payment received for your offer', NULL, NULL, NULL, NULL, NULL, NULL, NULL, 90, 29, NULL, 1, 1),
	(196, '2026-01-26 23:54:11', '2026-01-26 23:54:11', 'Notification 6', 'New customer review received', NULL, NULL, NULL, NULL, NULL, NULL, NULL, 91, 29, NULL, 1, 1),
	(197, '2026-01-26 23:54:11', '2026-01-26 23:54:11', 'Notification 7', 'New order received from Customer', NULL, NULL, NULL, NULL, NULL, NULL, NULL, 92, 29, NULL, 1, 1),
	(198, '2026-01-26 23:54:11', '2026-01-26 23:54:11', 'Notification 8', 'Your offer was accepted!', NULL, NULL, NULL, NULL, NULL, NULL, NULL, 93, 29, NULL, 1, 1),
	(199, '2026-01-29 01:20:04', '2026-01-29 01:20:04', 'verified your account', 'your code: #7307', NULL, NULL, NULL, NULL, NULL, NULL, NULL, NULL, 38, NULL, 1, 1),
	(200, '2026-01-29 01:23:04', '2026-01-29 01:23:04', 'verified your account', 'your code: #4131', NULL, NULL, NULL, NULL, NULL, NULL, NULL, NULL, 39, NULL, 1, 1),
	(201, '2026-01-29 01:24:59', '2026-01-29 01:24:59', 'verified your account', 'your code: #7224', NULL, NULL, NULL, NULL, NULL, NULL, NULL, NULL, 40, NULL, 1, 1),
	(202, '2026-01-29 01:26:39', '2026-01-29 01:26:39', 'verified your account', 'your code: #5264', NULL, NULL, NULL, NULL, NULL, NULL, NULL, NULL, 41, NULL, 1, 1),
	(203, '2026-01-31 00:57:41', '2026-01-31 00:57:41', 'verified your account', 'your code: #7834', NULL, NULL, NULL, NULL, NULL, NULL, NULL, NULL, 42, NULL, 1, 1),
	(204, '2026-01-31 01:00:47', '2026-01-31 01:00:47', 'verified your account', 'your code: #7712', NULL, NULL, NULL, NULL, NULL, NULL, NULL, NULL, 43, NULL, 1, 1),
	(205, '2026-01-31 01:09:56', '2026-01-31 01:09:56', 'verified your account', 'your code: #6353', NULL, NULL, NULL, NULL, NULL, NULL, NULL, NULL, 41, NULL, 1, 1),
	(206, '2026-02-02 15:55:57', '2026-02-02 15:55:57', 'New Order Received', NULL, 'You have received a new purchase order #1234 from King Fahad Hospital.', 'order', '/vendor/orders/1234', '"{\\"order_id\\":1234,\\"order_type\\":\\"purchase\\"}"', NULL, NULL, NULL, NULL, 41, NULL, 1, 1),
	(207, '2026-02-02 12:55:57', '2026-02-02 16:55:57', 'Offer Accepted', NULL, 'Your offer for Order #1230 has been accepted by the customer.', 'offer', '/vendor/orders/my-offers', '"{\\"offer_id\\":567,\\"order_id\\":1230}"', '2026-02-02 16:55:57', NULL, NULL, NULL, 41, NULL, 1, 1),
	(208, '2026-02-02 09:55:57', '2026-02-02 09:55:57', 'Scheduled Order Upcoming', NULL, 'Scheduled order #1225 delivery is due in 2 days. Please prepare the shipment.', 'scheduled', '/vendor/orders/1225', '"{\\"order_id\\":1225,\\"next_shipment\\":\\"2026-02-04\\"}"', NULL, NULL, NULL, NULL, 41, NULL, 1, 1),
	(209, '2026-02-02 05:55:57', '2026-02-02 05:55:57', 'New Rating Received', NULL, 'You received a 5-star rating from Prince Sultan Hospital for your recent delivery.', 'rating', '/vendor/ratings', '"{\\"rating\\":5,\\"order_id\\":1220}"', NULL, NULL, NULL, NULL, 41, NULL, 1, 1),
	(210, '2026-02-01 17:55:57', '2026-02-02 17:25:57', 'System Maintenance Notice', NULL, 'The platform will undergo scheduled maintenance on Sunday from 2 AM to 4 AM.', 'system', NULL, '"{\\"maintenance_date\\":\\"2026-02-05\\"}"', '2026-02-02 17:25:57', NULL, NULL, NULL, 41, NULL, 1, 1),
	(211, '2026-02-02 01:55:57', '2026-02-02 01:55:57', 'Offer Pending Review', NULL, 'Your offer for quotation request #1240 is pending customer review.', 'offer', '/vendor/orders/my-offers', '"{\\"offer_id\\":580,\\"order_id\\":1240}"', NULL, NULL, NULL, NULL, 41, NULL, 1, 1),
	(212, '2026-01-31 17:55:57', '2026-02-01 17:55:57', 'Scheduled Order Paused', NULL, 'Scheduled order #1210 has been paused by the customer. Please contact them for more details.', 'scheduled', '/vendor/orders/1210', '"{\\"order_id\\":1210,\\"status\\":\\"paused\\"}"', '2026-02-01 17:55:57', NULL, NULL, NULL, 41, NULL, 1, 1),
	(213, '2026-02-02 17:10:57', '2026-02-02 17:10:57', 'New Quotation Request', NULL, 'You have received a new quotation request for medical supplies from Al Noor Clinic.', 'order', '/vendor/orders', '"{\\"order_id\\":1245,\\"order_type\\":\\"quotation\\"}"', NULL, NULL, NULL, NULL, 41, NULL, 1, 1),
	(214, '2026-02-10 01:54:51', '2026-02-10 01:54:51', 'verified your account', 'your code: #9476', NULL, NULL, NULL, NULL, NULL, NULL, NULL, NULL, 44, NULL, 1, 1),
	(215, '2026-02-10 01:57:02', '2026-02-10 01:57:02', 'verified your account', 'your code: #2760', NULL, NULL, NULL, NULL, NULL, NULL, NULL, NULL, 45, NULL, 1, 1),
	(216, '2026-02-17 00:53:22', '2026-02-17 00:53:22', 'verified your account', 'your code: #8440', NULL, NULL, NULL, NULL, NULL, NULL, NULL, NULL, 46, NULL, 1, 1),
	(217, '2026-02-17 01:06:08', '2026-02-17 01:06:08', 'verified your account', 'your code: #3240', NULL, NULL, NULL, NULL, NULL, NULL, NULL, NULL, 47, NULL, 1, 1),
	(218, '2026-02-17 03:54:44', '2026-02-17 03:54:44', 'verified your account', 'your code: #5019', NULL, NULL, NULL, NULL, NULL, NULL, NULL, NULL, 48, NULL, 1, 1),
	(219, '2026-02-17 03:55:26', '2026-02-17 03:55:26', 'verified your account', 'your code: #2335', NULL, NULL, NULL, NULL, NULL, NULL, NULL, NULL, 49, NULL, 1, 1),
	(229, '2026-02-17 03:14:56', '2026-02-17 03:14:56', 'New Purchase Order', 'New purchase order received from King Fahad Hospital.', 'New purchase order received from King Fahad Hospital.', 'order', '/vendor/orders/109', '{"order_id": 109}', NULL, NULL, NULL, 109, 50, NULL, 1, 1),
	(230, '2026-02-17 01:14:56', '2026-02-17 01:14:56', 'Offer Accepted', 'Your quotation offer was accepted by National Medical Center.', 'Your quotation offer was accepted by National Medical Center.', 'offer', '/vendor/orders/117', '{"order_id": 117}', '2026-02-17 02:14:56', NULL, NULL, 117, 50, NULL, 1, 1),
	(231, '2026-02-16 22:14:56', '2026-02-16 22:14:56', 'Scheduled Delivery Upcoming', 'Upcoming scheduled delivery in 2 days. Prepare shipment.', 'Upcoming scheduled delivery in 2 days. Prepare shipment.', 'scheduled', '/vendor/orders/112', '{"order_id": 112}', NULL, NULL, NULL, 112, 50, NULL, 1, 1),
	(232, '2026-02-16 17:14:56', '2026-02-16 17:14:56', 'New Rating Received', 'You received a new 5-star rating on your service.', 'You received a new 5-star rating on your service.', 'rating', '/vendor/orders/113', '{"order_id": 113}', NULL, NULL, NULL, 113, 50, NULL, 1, 1),
	(233, '2026-02-15 23:14:56', '2026-02-15 23:14:56', 'Platform Maintenance', 'Scheduled maintenance will occur Sunday 2:00 AM - 3:00 AM.', 'Scheduled maintenance will occur Sunday 2:00 AM - 3:00 AM.', 'system', NULL, '{"type": "system"}', '2026-02-16 05:14:56', NULL, NULL, NULL, 50, NULL, 1, 1),
	(234, '2026-02-16 11:14:56', '2026-02-16 11:14:56', 'Offer Requires Update', 'Client asked to resubmit with revised pricing.', 'Client asked to resubmit with revised pricing.', 'offer', '/vendor/orders/115', '{"order_id": 115}', NULL, NULL, NULL, 115, 50, NULL, 1, 1),
	(235, '2026-02-16 04:14:56', '2026-02-16 04:14:56', 'Scheduled Order Paused', 'One recurring order has been paused by the client.', 'One recurring order has been paused by the client.', 'scheduled', '/vendor/orders/114', '{"order_id": 114}', '2026-02-16 09:14:56', NULL, NULL, 114, 50, NULL, 1, 1),
	(236, '2026-02-17 04:14:56', '2026-02-19 18:56:41', 'Maintenance Request Assigned', 'A maintenance request is now assigned to your team.', 'A maintenance request is now assigned to your team.', 'order', '/vendor/orders/111', '{"order_id": 111}', '2026-02-19 18:56:41', NULL, NULL, 111, 50, NULL, 1, 1),
	(237, '2026-02-20 03:50:43', '2026-02-20 03:50:43', 'verified your account', 'your code: #6620', NULL, NULL, NULL, NULL, NULL, NULL, NULL, NULL, 50, NULL, 1, 1);

-- Dumping structure for table hemaplus-database.offers
CREATE TABLE IF NOT EXISTS `offers` (
  `id` bigint unsigned NOT NULL AUTO_INCREMENT,
  `created_at` timestamp NULL DEFAULT NULL,
  `updated_at` timestamp NULL DEFAULT NULL,
  `files` varchar(1255) COLLATE utf8mb4_unicode_ci DEFAULT NULL,
  `cost` decimal(10,2) DEFAULT NULL,
  `delivery_fee` decimal(10,2) NOT NULL DEFAULT '0.00',
  `delivery_time` varchar(255) COLLATE utf8mb4_unicode_ci DEFAULT NULL,
  `warranty` varchar(255) COLLATE utf8mb4_unicode_ci DEFAULT NULL,
  `provider_id` int DEFAULT NULL,
  `order_id` int DEFAULT NULL,
  `status` tinyint DEFAULT NULL COMMENT '1 => pending, 2 => accepted, 3 => rejected',
  `notes` varchar(1255) COLLATE utf8mb4_unicode_ci DEFAULT NULL,
  `rejected_reson` varchar(1255) COLLATE utf8mb4_unicode_ci DEFAULT NULL,
  `deleted_at` datetime DEFAULT NULL,
  `is_activate` tinyint NOT NULL DEFAULT '1',
  `report_id` tinyint NOT NULL DEFAULT '1',
  PRIMARY KEY (`id`)
) ENGINE=InnoDB AUTO_INCREMENT=35 DEFAULT CHARSET=utf8mb4 COLLATE=utf8mb4_unicode_ci;

-- Dumping data for table hemaplus-database.offers: ~22 rows (approximately)
DELETE FROM `offers`;
INSERT INTO `offers` (`id`, `created_at`, `updated_at`, `files`, `cost`, `delivery_fee`, `delivery_time`, `warranty`, `provider_id`, `order_id`, `status`, `notes`, `rejected_reson`, `deleted_at`, `is_activate`, `report_id`) VALUES
	(1, '2025-10-10 07:00:00', '2025-10-10 07:00:00', NULL, 200.00, 0.00, '2 days', NULL, 1, 1, 1, NULL, NULL, NULL, 1, 1),
	(2, '2025-10-10 08:00:00', '2025-10-10 08:00:00', NULL, 280.00, 10.00, '3 days', NULL, 4, 2, 2, NULL, NULL, NULL, 1, 1),
	(3, '2025-10-10 09:00:00', '2025-10-10 09:00:00', NULL, 380.00, 15.00, '4 days', NULL, 5, 3, 3, NULL, NULL, NULL, 1, 1),
	(4, '2025-10-10 10:00:00', '2025-10-10 10:00:00', NULL, 480.00, 0.00, '2 days', NULL, 1, 4, 1, NULL, NULL, NULL, 1, 1),
	(5, '2025-10-10 11:00:00', '2025-10-10 11:00:00', NULL, 580.00, 20.00, '5 days', NULL, 6, 5, 2, NULL, NULL, NULL, 1, 1),
	(6, '2025-10-10 12:00:00', '2025-10-10 12:00:00', NULL, 680.00, 25.00, '3 days', NULL, 4, 6, 1, NULL, NULL, NULL, 1, 1),
	(7, '2025-10-10 13:00:00', '2025-10-10 13:00:00', NULL, 380.00, 10.00, '4 days', NULL, 5, 7, 1, NULL, NULL, NULL, 1, 1),
	(8, '2025-10-10 14:00:00', '2025-10-10 14:00:00', NULL, 280.00, 0.00, '2 days', NULL, 1, 8, 3, NULL, NULL, NULL, 1, 1),
	(9, '2025-10-11 23:00:00', '2025-10-11 23:00:00', NULL, 120.00, 5.00, '1 day', NULL, 1, 9, 1, NULL, NULL, NULL, 1, 1),
	(10, '2025-10-12 00:00:00', '2025-10-12 00:00:00', NULL, 280.00, 10.00, '3 days', NULL, 4, 10, 1, NULL, NULL, NULL, 1, 1),
	(17, '2026-01-26 23:54:11', '2026-01-26 23:54:11', 'storage/offers/offer-1.pdf', 959.00, 0.00, '7', '21', 29, 86, 0, 'Professional offer for medical supplies with quality guarantee', NULL, NULL, 1, 1),
	(18, '2026-01-26 23:54:11', '2026-01-26 23:54:11', 'storage/offers/offer-2.pdf', 2552.00, 0.00, '9', '5', 29, 87, 1, 'Professional offer for medical supplies with quality guarantee', NULL, NULL, 1, 1),
	(19, '2026-01-26 23:54:11', '2026-01-26 23:54:11', 'storage/offers/offer-3.pdf', 1955.00, 0.00, '13', '4', 29, 88, 2, 'Professional offer for medical supplies with quality guarantee', NULL, NULL, 1, 1),
	(20, '2026-01-26 23:54:11', '2026-01-26 23:54:11', 'storage/offers/offer-4.pdf', 1343.00, 0.00, '28', '21', 29, 89, 0, 'Professional offer for medical supplies with quality guarantee', NULL, NULL, 1, 1),
	(21, '2026-01-26 23:54:11', '2026-01-26 23:54:11', 'storage/offers/offer-5.pdf', 1729.00, 0.00, '29', '23', 29, 90, 1, 'Professional offer for medical supplies with quality guarantee', NULL, NULL, 1, 1),
	(22, '2026-01-26 23:54:11', '2026-01-26 23:54:11', 'storage/offers/offer-6.pdf', 2003.00, 0.00, '20', '14', 29, 91, 2, 'Professional offer for medical supplies with quality guarantee', NULL, NULL, 1, 1),
	(29, '2026-02-15 13:14:56', '2026-02-15 20:14:56', 'admin/assets/offers/vendor50-offer-1.pdf', 18250.00, 0.00, '7 days', '2 years', 50, 110, 1, 'Includes installation and training.', NULL, NULL, 1, 1),
	(30, '2026-02-12 13:14:56', '2026-02-12 10:14:56', 'admin/assets/offers/vendor50-offer-2.pdf', 14200.00, 0.00, '10 days', '1 year', 50, 112, 1, 'Scheduled recurring quotation.', NULL, NULL, 1, 1),
	(31, '2026-02-09 13:14:56', '2026-02-09 20:14:56', 'admin/assets/offers/vendor50-offer-3.pdf', 9300.00, 0.00, '5 days', '1 year', 50, 113, 2, 'Accepted by client.', NULL, NULL, 1, 1),
	(32, '2026-02-05 13:14:56', '2026-02-05 07:14:56', 'admin/assets/offers/vendor50-offer-4.pdf', 7200.00, 0.00, '14 days', '6 months', 50, 114, 1, 'Waiting final approval.', NULL, NULL, 1, 1),
	(33, '2026-01-28 13:14:56', '2026-01-28 17:14:56', 'admin/assets/offers/vendor50-offer-5.pdf', 12800.00, 0.00, '9 days', '1 year', 50, 115, 3, 'Client requested lower price.', 'Price higher than budget', NULL, 1, 1),
	(34, '2026-01-13 13:14:56', '2026-01-13 15:14:56', 'admin/assets/offers/vendor50-offer-6.pdf', 10900.00, 0.00, '6 days', '2 years', 50, 117, 2, 'Best value option selected.', NULL, NULL, 1, 1);

-- Dumping structure for table hemaplus-database.orders
CREATE TABLE IF NOT EXISTS `orders` (
  `id` bigint unsigned NOT NULL AUTO_INCREMENT,
  `created_at` timestamp NULL DEFAULT NULL,
  `updated_at` timestamp NULL DEFAULT NULL,
  `user_id` int DEFAULT NULL,
  `device_category_id` int DEFAULT NULL,
  `coupon_id` int DEFAULT NULL,
  `provider_id` int DEFAULT NULL,
  `offer_id` int DEFAULT NULL,
  `order_type` tinyint DEFAULT NULL COMMENT '1 => order, 2 => quotation, 3 => maintenace',
  `request_type` tinyint DEFAULT NULL COMMENT '1 => Immediate Request, 2 => Scheduled Request',
  `frequency` varchar(255) COLLATE utf8mb4_unicode_ci DEFAULT NULL,
  `delivery_duration` varchar(255) COLLATE utf8mb4_unicode_ci DEFAULT NULL,
  `schedule_start_date` datetime DEFAULT NULL,
  `payment_type` varchar(255) COLLATE utf8mb4_unicode_ci DEFAULT NULL,
  `getway_transaction_id` varchar(255) COLLATE utf8mb4_unicode_ci DEFAULT NULL,
  `payment_status` tinyint NOT NULL DEFAULT '0' COMMENT '0 => unpaid, 1 => paid',
  `vat` int NOT NULL DEFAULT '0',
  `vat_amount` decimal(10,2) NOT NULL DEFAULT '0.00',
  `delivery_fee` decimal(10,2) NOT NULL DEFAULT '0.00',
  `discount` decimal(10,2) NOT NULL DEFAULT '0.00',
  `items_cost` decimal(10,2) NOT NULL DEFAULT '0.00',
  `total_before_discount` decimal(10,2) NOT NULL DEFAULT '0.00',
  `total_cost` decimal(10,2) NOT NULL DEFAULT '0.00',
  `address` varchar(1255) COLLATE utf8mb4_unicode_ci DEFAULT NULL,
  `files` varchar(1255) COLLATE utf8mb4_unicode_ci DEFAULT NULL,
  `notes` varchar(1255) COLLATE utf8mb4_unicode_ci DEFAULT NULL,
  `device_name` varchar(1255) COLLATE utf8mb4_unicode_ci DEFAULT NULL,
  `budget` varchar(255) COLLATE utf8mb4_unicode_ci DEFAULT NULL,
  `quotation_type` varchar(255) COLLATE utf8mb4_unicode_ci DEFAULT NULL,
  `serial_number` varchar(255) COLLATE utf8mb4_unicode_ci DEFAULT NULL,
  `issue_description` varchar(255) COLLATE utf8mb4_unicode_ci DEFAULT NULL,
  `date_time_picker` datetime DEFAULT NULL,
  `preferred_service_time` datetime DEFAULT NULL,
  `deleted_at` datetime DEFAULT NULL,
  `report_id` tinyint NOT NULL DEFAULT '1',
  PRIMARY KEY (`id`)
) ENGINE=InnoDB AUTO_INCREMENT=118 DEFAULT CHARSET=utf8mb4 COLLATE=utf8mb4_unicode_ci;

-- Dumping data for table hemaplus-database.orders: ~87 rows (approximately)
DELETE FROM `orders`;
INSERT INTO `orders` (`id`, `created_at`, `updated_at`, `user_id`, `device_category_id`, `coupon_id`, `provider_id`, `offer_id`, `order_type`, `request_type`, `frequency`, `delivery_duration`, `schedule_start_date`, `payment_type`, `getway_transaction_id`, `payment_status`, `vat`, `vat_amount`, `delivery_fee`, `discount`, `items_cost`, `total_before_discount`, `total_cost`, `address`, `files`, `notes`, `device_name`, `budget`, `quotation_type`, `serial_number`, `issue_description`, `date_time_picker`, `preferred_service_time`, `deleted_at`, `report_id`) VALUES
	(1, '2025-10-10 06:57:21', '2025-10-10 09:56:22', 2, NULL, NULL, 1, NULL, NULL, NULL, NULL, NULL, NULL, NULL, NULL, 0, 0, 10.00, 20.00, 0.00, 200.00, 0.00, 230.00, 'Test Address', NULL, '', NULL, NULL, NULL, NULL, NULL, NULL, NULL, NULL, 1),
	(2, '2025-10-10 07:02:37', '2025-10-10 09:56:22', 2, NULL, NULL, 1, NULL, NULL, NULL, NULL, NULL, NULL, NULL, NULL, 1, 0, 15.00, 25.00, 0.00, 300.00, 0.00, 340.00, 'Test Address 2', NULL, '', NULL, NULL, NULL, NULL, NULL, NULL, NULL, NULL, 1),
	(3, '2025-10-10 07:04:56', '2025-10-10 09:56:22', 2, NULL, NULL, 4, NULL, NULL, NULL, NULL, NULL, NULL, NULL, NULL, 1, 0, 20.00, 30.00, 0.00, 400.00, 0.00, 450.00, 'Test Address 3', NULL, '', NULL, NULL, NULL, NULL, NULL, NULL, NULL, NULL, 1),
	(4, '2025-10-10 07:07:10', '2025-10-10 09:56:22', 4, NULL, NULL, 5, NULL, NULL, NULL, NULL, NULL, NULL, NULL, NULL, 0, 0, 25.00, 35.00, 10.00, 500.00, 0.00, 550.00, 'Test Address 4', NULL, '', NULL, NULL, NULL, NULL, NULL, NULL, NULL, NULL, 1),
	(5, '2025-10-10 07:09:33', '2025-10-10 09:56:22', 4, NULL, NULL, 6, NULL, NULL, NULL, NULL, NULL, NULL, NULL, NULL, 0, 0, 30.00, 40.00, 0.00, 600.00, 0.00, 670.00, 'Test Address 5', NULL, '', NULL, NULL, NULL, NULL, NULL, NULL, NULL, NULL, 1),
	(6, '2025-10-10 07:11:37', '2025-10-10 09:56:22', 4, NULL, NULL, 1, NULL, NULL, NULL, NULL, NULL, NULL, NULL, NULL, 1, 0, 35.00, 45.00, 0.00, 700.00, 0.00, 780.00, 'Test Address 6', NULL, '', NULL, NULL, NULL, NULL, NULL, NULL, NULL, NULL, 1),
	(7, '2025-10-10 09:52:20', '2025-10-10 09:56:22', 2, NULL, NULL, 4, NULL, NULL, NULL, NULL, NULL, NULL, NULL, NULL, 0, 0, 20.00, 30.00, 0.00, 400.00, 0.00, 450.00, 'Test Address', NULL, '', NULL, NULL, NULL, NULL, NULL, NULL, NULL, NULL, 1),
	(8, '2025-10-10 09:54:10', '2025-10-10 09:56:22', 2, NULL, NULL, 1, NULL, NULL, NULL, NULL, NULL, NULL, NULL, NULL, 0, 0, 15.00, 25.00, 0.00, 300.00, 0.00, 340.00, 'Test Address 8', NULL, '', NULL, NULL, NULL, NULL, NULL, NULL, NULL, NULL, 1),
	(9, '2025-10-11 22:23:41', '2025-10-11 22:23:41', 2, NULL, NULL, 1, NULL, NULL, NULL, NULL, NULL, NULL, NULL, NULL, 0, 0, 5.00, 15.00, 0.00, 100.00, 0.00, 120.00, 'Test Address 9', NULL, '', NULL, NULL, NULL, NULL, NULL, NULL, NULL, NULL, 1),
	(10, '2025-10-11 22:25:11', '2025-10-11 22:25:11', 4, NULL, NULL, 4, NULL, NULL, NULL, NULL, NULL, NULL, NULL, NULL, 0, 0, 12.50, 20.00, 0.00, 250.00, 0.00, 282.50, 'Test Address 10', NULL, '', NULL, NULL, NULL, NULL, NULL, NULL, NULL, NULL, 1),
	(11, '2025-10-18 04:08:37', '2025-10-18 04:08:37', 3, NULL, NULL, 3, NULL, NULL, NULL, NULL, NULL, NULL, NULL, NULL, 0, 0, 7.50, 18.00, 0.00, 150.00, 0.00, 175.50, 'Test Address 11', NULL, '', NULL, NULL, NULL, NULL, NULL, NULL, NULL, NULL, 1),
	(12, '2025-10-19 17:30:00', '2025-10-19 17:30:00', 2, NULL, NULL, 1, NULL, NULL, NULL, NULL, NULL, NULL, NULL, NULL, 0, 0, 25.00, 35.00, 0.00, 500.00, 0.00, 560.00, 'Test Address 12', NULL, '', NULL, NULL, NULL, NULL, NULL, NULL, NULL, NULL, 1),
	(13, '2025-10-20 15:15:22', '2025-10-20 15:15:22', 4, NULL, NULL, 5, NULL, NULL, NULL, NULL, NULL, NULL, NULL, NULL, 0, 0, 17.50, 28.00, 0.00, 350.00, 0.00, 395.50, 'Test Address 13', NULL, '', NULL, NULL, NULL, NULL, NULL, NULL, NULL, NULL, 1),
	(14, '2025-10-21 21:45:33', '2025-10-21 21:45:33', 2, NULL, NULL, 6, NULL, NULL, NULL, NULL, NULL, NULL, NULL, NULL, 0, 0, 22.50, 32.00, 0.00, 450.00, 0.00, 504.50, 'Test Address 14', NULL, '', NULL, NULL, NULL, NULL, NULL, NULL, NULL, NULL, 1),
	(15, '2025-10-22 16:20:15', '2025-10-22 16:20:15', 4, NULL, NULL, 1, NULL, NULL, NULL, NULL, NULL, NULL, NULL, NULL, 0, 0, 30.00, 38.00, 0.00, 600.00, 0.00, 668.00, 'Test Address 15', NULL, '', NULL, NULL, NULL, NULL, NULL, NULL, NULL, NULL, 1),
	(16, '2025-10-23 18:30:45', '2025-10-23 18:30:45', 2, NULL, NULL, 4, NULL, NULL, NULL, NULL, NULL, NULL, NULL, NULL, 0, 0, 27.50, 36.00, 0.00, 550.00, 0.00, 613.50, 'Test Address 16', NULL, '', NULL, NULL, NULL, NULL, NULL, NULL, NULL, NULL, 1),
	(17, '2025-10-24 23:10:20', '2025-10-24 23:10:20', 4, NULL, NULL, 5, NULL, NULL, NULL, NULL, NULL, NULL, NULL, NULL, 0, 0, 24.00, 33.00, 0.00, 480.00, 0.00, 537.00, 'Test Address 17', NULL, '', NULL, NULL, NULL, NULL, NULL, NULL, NULL, NULL, 1),
	(18, '2025-10-25 20:50:00', '2025-10-25 20:50:00', 2, NULL, NULL, 6, NULL, NULL, NULL, NULL, NULL, NULL, NULL, NULL, 0, 0, 21.00, 30.00, 0.00, 420.00, 0.00, 471.00, 'Test Address 18', NULL, '', NULL, NULL, NULL, NULL, NULL, NULL, NULL, NULL, 1),
	(19, '2025-10-26 17:15:35', '2025-10-26 17:15:35', 4, NULL, NULL, 1, NULL, NULL, NULL, NULL, NULL, NULL, NULL, NULL, 0, 0, 19.00, 27.00, 0.00, 380.00, 0.00, 426.00, 'Test Address 19', NULL, '', NULL, NULL, NULL, NULL, NULL, NULL, NULL, NULL, 1),
	(20, '2025-10-27 22:30:10', '2025-10-27 22:30:10', 2, NULL, NULL, 4, NULL, NULL, NULL, NULL, NULL, NULL, NULL, NULL, 0, 0, 16.00, 24.00, 0.00, 320.00, 0.00, 360.00, 'Test Address 20', NULL, '', NULL, NULL, NULL, NULL, NULL, NULL, NULL, NULL, 1),
	(21, '2025-10-28 19:00:45', '2025-10-28 19:00:45', 4, NULL, NULL, 5, NULL, NULL, NULL, NULL, NULL, NULL, NULL, NULL, 0, 0, 26.00, 34.00, 0.00, 520.00, 0.00, 580.00, 'Test Address 21', NULL, '', NULL, NULL, NULL, NULL, NULL, NULL, NULL, NULL, 1),
	(22, '2025-10-29 16:45:20', '2025-10-29 16:45:20', 2, NULL, NULL, 6, NULL, NULL, NULL, NULL, NULL, NULL, NULL, NULL, 0, 0, 20.50, 29.00, 0.00, 410.00, 0.00, 459.50, 'Test Address 22', NULL, '', NULL, NULL, NULL, NULL, NULL, NULL, NULL, NULL, 1),
	(23, '2025-10-30 21:20:30', '2025-10-30 21:20:30', 4, NULL, NULL, 1, NULL, NULL, NULL, NULL, NULL, NULL, NULL, NULL, 0, 0, 23.00, 31.00, 0.00, 460.00, 0.00, 514.00, 'Test Address 23', NULL, '', NULL, NULL, NULL, NULL, NULL, NULL, NULL, NULL, 1),
	(24, '2025-10-31 18:35:15', '2025-10-31 18:35:15', 2, NULL, NULL, 4, NULL, NULL, NULL, NULL, NULL, NULL, NULL, NULL, 0, 0, 19.50, 28.00, 0.00, 390.00, 0.00, 437.50, 'Test Address 24', NULL, '', NULL, NULL, NULL, NULL, NULL, NULL, NULL, NULL, 1),
	(25, '2025-11-01 15:50:00', '2025-11-01 15:50:00', 4, NULL, NULL, 5, NULL, NULL, NULL, NULL, NULL, NULL, NULL, NULL, 0, 0, 22.00, 30.00, 0.00, 440.00, 0.00, 492.00, 'Test Address 25', NULL, '', NULL, NULL, NULL, NULL, NULL, NULL, NULL, NULL, 1),
	(26, '2025-11-03 00:15:25', '2025-11-03 00:15:25', 2, NULL, NULL, 6, NULL, NULL, NULL, NULL, NULL, NULL, NULL, NULL, 0, 0, 18.50, 26.00, 0.00, 370.00, 0.00, 414.50, 'Test Address 26', NULL, '', NULL, NULL, NULL, NULL, NULL, NULL, NULL, NULL, 1),
	(27, '2025-11-03 21:45:40', '2025-11-03 21:45:40', 4, NULL, NULL, 1, NULL, NULL, NULL, NULL, NULL, NULL, NULL, NULL, 0, 0, 25.50, 35.00, 0.00, 510.00, 0.00, 570.50, 'Test Address 27', NULL, '', NULL, NULL, NULL, NULL, NULL, NULL, NULL, NULL, 1),
	(28, '2025-11-04 18:20:15', '2025-11-04 18:20:15', 2, NULL, NULL, 4, NULL, NULL, NULL, NULL, NULL, NULL, NULL, NULL, 0, 0, 21.50, 29.00, 0.00, 430.00, 0.00, 480.50, 'Test Address 28', NULL, '', NULL, NULL, NULL, NULL, NULL, NULL, NULL, NULL, 1),
	(29, '2025-11-05 23:00:50', '2025-11-05 23:00:50', 4, NULL, NULL, 5, NULL, NULL, NULL, NULL, NULL, NULL, NULL, NULL, 0, 0, 24.50, 32.00, 0.00, 490.00, 0.00, 546.50, 'Test Address 29', NULL, '', NULL, NULL, NULL, NULL, NULL, NULL, NULL, NULL, 1),
	(30, '2025-11-06 20:30:25', '2025-11-06 20:30:25', 2, NULL, NULL, 6, NULL, NULL, NULL, NULL, NULL, NULL, NULL, NULL, 0, 0, 18.00, 25.00, 0.00, 360.00, 0.00, 403.00, 'Test Address 30', NULL, '', NULL, NULL, NULL, NULL, NULL, NULL, NULL, NULL, 1),
	(31, '2025-11-07 17:15:40', '2025-11-07 17:15:40', 4, NULL, NULL, 1, NULL, NULL, NULL, NULL, NULL, NULL, NULL, NULL, 0, 0, 27.00, 36.00, 0.00, 540.00, 0.00, 603.00, 'Test Address 31', NULL, '', NULL, NULL, NULL, NULL, NULL, NULL, NULL, NULL, 1),
	(32, '2025-11-08 22:50:00', '2025-11-08 22:50:00', 21, NULL, NULL, 3, NULL, NULL, NULL, NULL, NULL, NULL, NULL, NULL, 0, 0, 7.50, 18.00, 0.00, 150.00, 0.00, 175.50, 'Test Address 32', NULL, '', NULL, NULL, NULL, NULL, NULL, NULL, NULL, NULL, 1),
	(33, '2025-11-09 19:20:15', '2025-11-09 19:20:15', 22, NULL, NULL, 5, NULL, NULL, NULL, NULL, NULL, NULL, NULL, NULL, 0, 0, 14.00, 22.00, 0.00, 280.00, 0.00, 316.00, 'Test Address 33', NULL, '', NULL, NULL, NULL, NULL, NULL, NULL, NULL, NULL, 1),
	(34, '2025-11-11 00:30:45', '2025-11-11 00:30:45', 23, NULL, NULL, 1, NULL, NULL, NULL, NULL, NULL, NULL, NULL, NULL, 0, 0, 20.50, 29.00, 0.00, 410.00, 0.00, 459.50, 'Test Address 34', NULL, '', NULL, NULL, NULL, NULL, NULL, NULL, NULL, NULL, 1),
	(35, '2025-11-11 21:05:30', '2025-11-11 21:05:30', 24, NULL, NULL, 4, NULL, NULL, NULL, NULL, NULL, NULL, NULL, NULL, 0, 0, 18.00, 25.00, 0.00, 360.00, 0.00, 403.00, 'Test Address 35', NULL, '', NULL, NULL, NULL, NULL, NULL, NULL, NULL, NULL, 1),
	(36, '2025-11-12 18:40:20', '2025-11-12 18:40:20', 25, NULL, NULL, 6, NULL, NULL, NULL, NULL, NULL, NULL, NULL, NULL, 0, 0, 23.50, 32.00, 0.00, 470.00, 0.00, 525.50, 'Test Address 36', NULL, '', NULL, NULL, NULL, NULL, NULL, NULL, NULL, NULL, 1),
	(37, '2025-11-13 23:15:50', '2025-11-13 23:15:50', 26, NULL, NULL, 5, NULL, NULL, NULL, NULL, NULL, NULL, NULL, NULL, 0, 0, 26.00, 34.00, 0.00, 520.00, 0.00, 580.00, 'Test Address 37', NULL, '', NULL, NULL, NULL, NULL, NULL, NULL, NULL, NULL, 1),
	(38, '2025-11-14 20:35:15', '2025-11-14 20:35:15', 27, NULL, NULL, 1, NULL, NULL, NULL, NULL, NULL, NULL, NULL, NULL, 0, 0, 19.00, 27.00, 0.00, 380.00, 0.00, 426.00, 'Test Address 38', NULL, '', NULL, NULL, NULL, NULL, NULL, NULL, NULL, NULL, 1),
	(39, '2025-11-15 17:50:40', '2025-11-15 17:50:40', 28, NULL, NULL, 4, NULL, NULL, NULL, NULL, NULL, NULL, NULL, NULL, 0, 0, 21.50, 29.00, 0.00, 430.00, 0.00, 480.50, 'Test Address 39', NULL, '', NULL, NULL, NULL, NULL, NULL, NULL, NULL, NULL, 1),
	(40, '2025-11-16 22:25:25', '2025-11-16 22:25:25', 2, NULL, NULL, 5, NULL, NULL, NULL, NULL, NULL, NULL, NULL, NULL, 0, 0, 24.50, 32.00, 0.00, 490.00, 0.00, 546.50, 'Test Address 40', NULL, '', NULL, NULL, NULL, NULL, NULL, NULL, NULL, NULL, 1),
	(41, '2025-11-17 19:45:10', '2025-11-17 19:45:10', 4, NULL, NULL, 6, NULL, NULL, NULL, NULL, NULL, NULL, NULL, NULL, 0, 0, 18.00, 25.00, 0.00, 360.00, 0.00, 403.00, 'Test Address 41', NULL, '', NULL, NULL, NULL, NULL, NULL, NULL, NULL, NULL, 1),
	(42, '2025-11-19 00:20:35', '2025-11-19 00:20:35', 2, NULL, NULL, 1, NULL, NULL, NULL, NULL, NULL, NULL, NULL, NULL, 0, 0, 27.00, 36.00, 0.00, 540.00, 0.00, 603.00, 'Test Address 42', NULL, '', NULL, NULL, NULL, NULL, NULL, NULL, NULL, NULL, 1),
	(43, '2025-11-19 21:10:50', '2025-11-19 21:10:50', 4, NULL, NULL, 4, NULL, NULL, NULL, NULL, NULL, NULL, NULL, NULL, 0, 0, 22.50, 30.00, 0.00, 450.00, 0.00, 502.50, 'Test Address 43', NULL, '', NULL, NULL, NULL, NULL, NULL, NULL, NULL, NULL, 1),
	(44, '2025-11-20 18:35:20', '2025-11-20 18:35:20', 2, NULL, NULL, 5, NULL, NULL, NULL, NULL, NULL, NULL, NULL, NULL, 0, 0, 20.00, 28.00, 0.00, 400.00, 0.00, 448.00, 'Test Address 44', NULL, '', NULL, NULL, NULL, NULL, NULL, NULL, NULL, NULL, 1),
	(45, '2025-11-21 23:05:45', '2025-11-21 23:05:45', 4, NULL, NULL, 6, NULL, NULL, NULL, NULL, NULL, NULL, NULL, NULL, 0, 0, 24.00, 31.00, 0.00, 480.00, 0.00, 535.00, 'Test Address 45', NULL, '', NULL, NULL, NULL, NULL, NULL, NULL, NULL, NULL, 1),
	(46, '2025-11-22 20:40:10', '2025-11-22 20:40:10', 2, NULL, NULL, 1, NULL, NULL, NULL, NULL, NULL, NULL, NULL, NULL, 0, 0, 17.50, 26.00, 0.00, 350.00, 0.00, 393.50, 'Test Address 46', NULL, '', NULL, NULL, NULL, NULL, NULL, NULL, NULL, NULL, 1),
	(47, '2025-11-23 17:55:35', '2025-11-23 17:55:35', 4, NULL, NULL, 4, NULL, NULL, NULL, NULL, NULL, NULL, NULL, NULL, 0, 0, 21.00, 29.00, 0.00, 420.00, 0.00, 470.00, 'Test Address 47', NULL, '', NULL, NULL, NULL, NULL, NULL, NULL, NULL, NULL, 1),
	(48, '2025-11-24 22:30:20', '2025-11-24 22:30:20', 2, NULL, NULL, 5, NULL, NULL, NULL, NULL, NULL, NULL, NULL, NULL, 0, 0, 25.50, 34.00, 0.00, 510.00, 0.00, 569.50, 'Test Address 48', NULL, '', NULL, NULL, NULL, NULL, NULL, NULL, NULL, NULL, 1),
	(49, '2025-11-25 19:15:50', '2025-11-25 19:15:50', 4, NULL, NULL, 6, NULL, NULL, NULL, NULL, NULL, NULL, NULL, NULL, 0, 0, 18.50, 26.00, 0.00, 370.00, 0.00, 414.50, 'Test Address 49', NULL, '', NULL, NULL, NULL, NULL, NULL, NULL, NULL, NULL, 1),
	(50, '2025-11-27 00:45:15', '2025-11-27 00:45:15', 2, NULL, NULL, 1, NULL, NULL, NULL, NULL, NULL, NULL, NULL, NULL, 0, 0, 23.00, 31.00, 0.00, 460.00, 0.00, 514.00, 'Test Address 50', NULL, '', NULL, NULL, NULL, NULL, NULL, NULL, NULL, NULL, 1),
	(51, '2025-11-27 21:20:40', '2025-11-27 21:20:40', 4, NULL, NULL, 4, NULL, NULL, NULL, NULL, NULL, NULL, NULL, NULL, 0, 0, 16.00, 24.00, 0.00, 320.00, 0.00, 360.00, 'Test Address 51', NULL, '', NULL, NULL, NULL, NULL, NULL, NULL, NULL, NULL, 1),
	(52, '2025-11-28 18:50:25', '2025-11-28 18:50:25', 2, NULL, NULL, 5, NULL, NULL, NULL, NULL, NULL, NULL, NULL, NULL, 0, 0, 27.50, 35.00, 0.00, 550.00, 0.00, 612.50, 'Test Address 52', NULL, '', NULL, NULL, NULL, NULL, NULL, NULL, NULL, NULL, 1),
	(53, '2025-11-29 23:35:10', '2025-11-29 23:35:10', 4, NULL, NULL, 6, NULL, NULL, NULL, NULL, NULL, NULL, NULL, NULL, 0, 0, 19.50, 28.00, 0.00, 390.00, 0.00, 437.50, 'Test Address 53', NULL, '', NULL, NULL, NULL, NULL, NULL, NULL, NULL, NULL, 1),
	(54, '2025-11-30 20:05:45', '2025-11-30 20:05:45', 2, NULL, NULL, 1, NULL, NULL, NULL, NULL, NULL, NULL, NULL, NULL, 0, 0, 23.50, 32.00, 0.00, 470.00, 0.00, 525.50, 'Test Address 54', NULL, '', NULL, NULL, NULL, NULL, NULL, NULL, NULL, NULL, 1),
	(55, '2025-12-01 17:30:20', '2025-12-01 17:30:20', 4, NULL, NULL, 4, NULL, NULL, NULL, NULL, NULL, NULL, NULL, NULL, 0, 0, 17.00, 25.00, 0.00, 340.00, 0.00, 382.00, 'Test Address 55', NULL, '', NULL, NULL, NULL, NULL, NULL, NULL, NULL, NULL, 1),
	(56, '2025-12-02 22:15:35', '2025-12-02 22:15:35', 2, NULL, NULL, 5, NULL, NULL, NULL, NULL, NULL, NULL, NULL, NULL, 0, 0, 28.00, 36.00, 0.00, 560.00, 0.00, 624.00, 'Test Address 56', NULL, '', NULL, NULL, NULL, NULL, NULL, NULL, NULL, NULL, 1),
	(57, '2025-12-03 19:40:50', '2025-12-03 19:40:50', 4, NULL, NULL, 6, NULL, NULL, NULL, NULL, NULL, NULL, NULL, NULL, 0, 0, 14.00, 22.00, 0.00, 280.00, 0.00, 316.00, 'Test Address 57', NULL, '', NULL, NULL, NULL, NULL, NULL, NULL, NULL, NULL, 1),
	(58, '2025-12-05 00:25:15', '2025-12-05 00:25:15', 2, NULL, NULL, 1, NULL, NULL, NULL, NULL, NULL, NULL, NULL, NULL, 0, 0, 21.50, 29.00, 0.00, 430.00, 0.00, 480.50, 'Test Address 58', NULL, '', NULL, NULL, NULL, NULL, NULL, NULL, NULL, NULL, 1),
	(59, '2025-12-05 21:00:40', '2025-12-05 21:00:40', 4, NULL, NULL, 4, NULL, NULL, NULL, NULL, NULL, NULL, NULL, NULL, 0, 0, 25.00, 33.00, 0.00, 500.00, 0.00, 558.00, 'Test Address 59', NULL, '', NULL, NULL, NULL, NULL, NULL, NULL, NULL, NULL, 1),
	(60, '2025-12-06 18:45:25', '2025-12-06 18:45:25', 2, NULL, NULL, 5, NULL, NULL, NULL, NULL, NULL, NULL, NULL, NULL, 0, 0, 18.00, 25.00, 0.00, 360.00, 0.00, 403.00, 'Test Address 60', NULL, '', NULL, NULL, NULL, NULL, NULL, NULL, NULL, NULL, 1),
	(61, '2025-12-07 23:20:10', '2025-12-07 23:20:10', 4, NULL, NULL, 6, NULL, NULL, NULL, NULL, NULL, NULL, NULL, NULL, 0, 0, 22.00, 30.00, 0.00, 440.00, 0.00, 492.00, 'Test Address 61', NULL, '', NULL, NULL, NULL, NULL, NULL, NULL, NULL, NULL, 1),
	(62, '2025-12-08 20:35:45', '2025-12-08 20:35:45', 2, NULL, NULL, 1, NULL, NULL, NULL, NULL, NULL, NULL, NULL, NULL, 0, 0, 26.00, 34.00, 0.00, 520.00, 0.00, 580.00, 'Test Address 62', NULL, '', NULL, NULL, NULL, NULL, NULL, NULL, NULL, NULL, 1),
	(63, '2025-12-09 17:50:20', '2025-12-09 17:50:20', 4, NULL, NULL, 4, NULL, NULL, NULL, NULL, NULL, NULL, NULL, NULL, 0, 0, 19.00, 27.00, 0.00, 380.00, 0.00, 426.00, 'Test Address 63', NULL, '', NULL, NULL, NULL, NULL, NULL, NULL, NULL, NULL, 1),
	(64, '2025-12-10 22:15:35', '2025-12-10 22:15:35', 2, NULL, NULL, 5, NULL, NULL, NULL, NULL, NULL, NULL, NULL, NULL, 0, 0, 30.00, 38.00, 0.00, 600.00, 0.00, 668.00, 'Test Address 64', NULL, '', NULL, NULL, NULL, NULL, NULL, NULL, NULL, NULL, 1),
	(86, '2026-01-26 23:54:11', '2026-01-26 23:54:11', 33, NULL, NULL, 29, NULL, 0, NULL, NULL, NULL, NULL, NULL, NULL, 0, 0, 0.00, 0.00, 0.00, 874.00, 0.00, 3383.00, NULL, NULL, 'Order for medical supplies - Urgent', NULL, NULL, NULL, NULL, NULL, NULL, NULL, NULL, 1),
	(87, '2026-01-26 23:54:11', '2026-01-26 23:54:11', 34, NULL, NULL, 29, NULL, 1, NULL, NULL, NULL, NULL, NULL, NULL, 0, 0, 0.00, 0.00, 0.00, 3100.00, 0.00, 3078.00, NULL, NULL, 'Order for medical supplies - Regular', NULL, NULL, NULL, NULL, NULL, NULL, NULL, NULL, 1),
	(88, '2026-01-26 23:54:11', '2026-01-26 23:54:11', 35, NULL, NULL, 29, NULL, 0, NULL, NULL, NULL, NULL, NULL, NULL, 0, 0, 0.00, 0.00, 0.00, 4435.00, 0.00, 2545.00, NULL, NULL, 'Order for medical supplies - Standard', NULL, NULL, NULL, NULL, NULL, NULL, NULL, NULL, 1),
	(89, '2026-01-26 23:54:11', '2026-01-26 23:54:11', 36, NULL, NULL, 29, NULL, 1, NULL, NULL, NULL, NULL, NULL, NULL, 0, 0, 0.00, 0.00, 0.00, 4739.00, 0.00, 5973.00, NULL, NULL, 'Order for medical supplies - VIP', NULL, NULL, NULL, NULL, NULL, NULL, NULL, NULL, 1),
	(90, '2026-01-26 23:54:11', '2026-01-26 23:54:11', 37, NULL, NULL, 29, NULL, 0, NULL, NULL, NULL, NULL, NULL, NULL, 0, 0, 0.00, 0.00, 0.00, 1638.00, 0.00, 2188.00, NULL, NULL, 'Order for medical supplies - Bulk order', NULL, NULL, NULL, NULL, NULL, NULL, NULL, NULL, 1),
	(91, '2026-01-26 23:54:11', '2026-01-26 23:54:11', 33, NULL, NULL, 29, NULL, 1, NULL, NULL, NULL, NULL, NULL, NULL, 0, 0, 0.00, 0.00, 0.00, 1642.00, 0.00, 3685.00, NULL, NULL, 'Order for medical supplies - Urgent', NULL, NULL, NULL, NULL, NULL, NULL, NULL, NULL, 1),
	(92, '2026-01-26 23:54:11', '2026-01-26 23:54:11', 34, NULL, NULL, 29, NULL, 0, NULL, NULL, NULL, NULL, NULL, NULL, 0, 0, 0.00, 0.00, 0.00, 3311.00, 0.00, 4058.00, NULL, NULL, 'Order for medical supplies - Regular', NULL, NULL, NULL, NULL, NULL, NULL, NULL, NULL, 1),
	(93, '2026-01-26 23:54:11', '2026-01-26 23:54:11', 35, NULL, NULL, 29, NULL, 1, NULL, NULL, NULL, NULL, NULL, NULL, 0, 0, 0.00, 0.00, 0.00, 867.00, 0.00, 3094.00, NULL, NULL, 'Order for medical supplies - Standard', NULL, NULL, NULL, NULL, NULL, NULL, NULL, NULL, 1),
	(94, '2026-02-01 00:34:45', '2026-02-01 00:34:45', 2, NULL, NULL, 14, NULL, NULL, NULL, NULL, NULL, NULL, NULL, NULL, 0, 0, 6.00, 10.00, 0.00, 120.00, 0.00, 136.00, 'Seeder Address 1', NULL, '', NULL, NULL, NULL, NULL, NULL, NULL, NULL, NULL, 1),
	(95, '2026-02-01 00:34:45', '2026-02-01 00:34:45', 2, NULL, NULL, 14, NULL, NULL, NULL, NULL, NULL, NULL, NULL, NULL, 0, 0, 11.00, 15.00, 0.00, 220.00, 0.00, 246.00, 'Seeder Address 2', NULL, '', NULL, NULL, NULL, NULL, NULL, NULL, NULL, NULL, 1),
	(96, '2026-02-01 00:34:45', '2026-02-01 00:34:45', 4, NULL, NULL, 14, NULL, NULL, NULL, NULL, NULL, NULL, NULL, NULL, 1, 0, 16.00, 20.00, 0.00, 320.00, 0.00, 356.00, 'Seeder Address 3', NULL, '', NULL, NULL, NULL, NULL, NULL, NULL, NULL, NULL, 1),
	(97, '2026-02-01 00:36:52', '2026-02-01 00:36:52', 2, NULL, NULL, 14, NULL, NULL, NULL, NULL, NULL, NULL, NULL, NULL, 0, 0, 6.00, 10.00, 0.00, 120.00, 0.00, 136.00, 'Seeder Address 1', NULL, '', NULL, NULL, NULL, NULL, NULL, NULL, NULL, NULL, 1),
	(98, '2026-02-01 00:36:52', '2026-02-01 00:36:52', 2, NULL, NULL, 14, NULL, NULL, NULL, NULL, NULL, NULL, NULL, NULL, 0, 0, 11.00, 15.00, 0.00, 220.00, 0.00, 246.00, 'Seeder Address 2', NULL, '', NULL, NULL, NULL, NULL, NULL, NULL, NULL, NULL, 1),
	(99, '2026-02-01 00:36:52', '2026-02-01 00:36:52', 4, NULL, NULL, 14, NULL, NULL, NULL, NULL, NULL, NULL, NULL, NULL, 1, 0, 16.00, 20.00, 0.00, 320.00, 0.00, 356.00, 'Seeder Address 3', NULL, '', NULL, NULL, NULL, NULL, NULL, NULL, NULL, NULL, 1),
	(109, '2026-02-16 05:14:56', '2026-02-16 19:14:56', 56, NULL, NULL, 50, NULL, 1, 1, NULL, NULL, NULL, 'Apple Pay', NULL, 1, 10, 850.00, 250.00, 250.00, 8500.00, 9600.00, 9350.00, 'King Fahad Hospital - Radiology Dept, Riyadh', NULL, 'Urgent imaging equipment delivery.', NULL, NULL, NULL, NULL, NULL, '2026-02-16 21:14:56', NULL, NULL, 1),
	(110, '2026-02-15 05:14:56', '2026-02-15 20:14:56', 57, NULL, NULL, 50, NULL, 2, 1, NULL, NULL, NULL, 'Cash on Delivery', NULL, 0, 10, 1900.00, 300.00, 0.00, 19000.00, 21200.00, 21200.00, 'National Medical Center - Purchasing, Jeddah', NULL, 'Quotation request for ICU monitors.', NULL, NULL, NULL, NULL, NULL, '2026-02-15 21:14:56', NULL, NULL, 1),
	(111, '2026-02-14 05:14:56', '2026-02-14 22:14:56', 58, NULL, NULL, 50, NULL, 3, 1, NULL, NULL, NULL, 'Apple Pay', NULL, 0, 10, 1200.00, 220.00, 0.00, 12000.00, 13420.00, 13420.00, 'Prince Sultan Hospital - Maintenance Unit, Dammam', NULL, 'Maintenance request for anesthesia workstation.', NULL, NULL, NULL, NULL, NULL, '2026-02-14 21:14:56', '2026-02-18 21:14:56', NULL, 1),
	(112, '2026-02-12 05:14:56', '2026-02-12 10:14:56', 59, NULL, NULL, 50, NULL, 2, 2, 'Every 2 Weeks', 'Oct 15 - Jan 15, 2026', '2026-02-28 21:14:56', 'Cash on Delivery', NULL, 1, 10, 1500.00, 200.00, 0.00, 15000.00, 16700.00, 16700.00, 'Al Nour Clinic - Procurement, Riyadh', NULL, 'Scheduled monthly consumables delivery.', NULL, NULL, NULL, NULL, NULL, '2026-02-12 21:14:56', NULL, NULL, 1),
	(113, '2026-02-09 05:14:56', '2026-02-09 20:14:56', 60, NULL, NULL, 50, NULL, 2, 2, 'Monthly', 'Sep 1 - Dec 1, 2026', '2026-02-11 21:14:56', 'Apple Pay', NULL, 0, 10, 980.00, 180.00, 250.00, 9800.00, 10960.00, 10710.00, 'City Care Clinic - Procurement, Riyadh', NULL, 'Scheduled lab supplies.', NULL, NULL, NULL, NULL, NULL, '2026-02-09 21:14:56', NULL, NULL, 1),
	(114, '2026-01-08 05:14:56', '2026-02-03 05:14:56', 56, NULL, NULL, 50, NULL, 2, 2, 'Quarterly', 'Jul 1 - Jul 1, 2027', '2026-02-01 21:14:56', 'Cash on Delivery', NULL, 0, 10, 760.00, 220.00, 0.00, 7600.00, 8580.00, 8580.00, 'King Fahad Hospital - Main Store, Riyadh', NULL, 'Quarterly scheduled medical gloves.', NULL, NULL, NULL, NULL, NULL, '2026-02-05 21:14:56', NULL, NULL, 1),
	(115, '2026-01-28 05:14:56', '2026-01-28 17:14:56', 57, NULL, NULL, 50, NULL, 2, 2, 'Every 2 Weeks', 'Oct 1 - Feb 1, 2026', '2026-02-13 21:14:56', 'Apple Pay', NULL, 1, 10, 1320.00, 240.00, 0.00, 13200.00, 14760.00, 14760.00, 'Prince Sultan Hospital - Main Store, Dammam', NULL, 'Scheduled syringes delivery.', NULL, NULL, NULL, NULL, NULL, '2026-01-28 21:14:56', NULL, NULL, 1),
	(116, '2026-01-20 05:14:56', '2026-01-20 19:14:56', 58, NULL, NULL, 50, NULL, 1, 1, NULL, NULL, NULL, 'Cash on Delivery', NULL, 0, 10, 540.00, 170.00, 0.00, 5400.00, 6110.00, 6110.00, 'National Medical Center - Receiving, Jeddah', NULL, 'Purchase order for infusion pumps.', NULL, NULL, NULL, NULL, NULL, '2026-01-20 21:14:56', NULL, NULL, 1),
	(117, '2026-01-13 05:14:56', '2026-01-13 15:14:56', 59, NULL, NULL, 50, NULL, 2, 1, NULL, NULL, NULL, 'Apple Pay', NULL, 0, 10, 1120.00, 210.00, 250.00, 11200.00, 12530.00, 12280.00, 'Al Nour Clinic - Manager Office, Riyadh', NULL, 'Quotation request for ECG monitors.', NULL, NULL, NULL, NULL, NULL, '2026-01-13 21:14:56', NULL, NULL, 1);

-- Dumping structure for table hemaplus-database.order_items
CREATE TABLE IF NOT EXISTS `order_items` (
  `id` bigint unsigned NOT NULL AUTO_INCREMENT,
  `created_at` timestamp NULL DEFAULT NULL,
  `updated_at` timestamp NULL DEFAULT NULL,
  `order_id` int DEFAULT NULL,
  `product_id` int DEFAULT NULL,
  `quantity` int DEFAULT NULL,
  `item_price` decimal(6,2) DEFAULT NULL,
  `total_price` decimal(6,2) DEFAULT NULL,
  `deleted_at` datetime DEFAULT NULL,
  `is_activate` tinyint NOT NULL DEFAULT '1',
  `report_id` tinyint NOT NULL DEFAULT '1',
  PRIMARY KEY (`id`)
) ENGINE=InnoDB AUTO_INCREMENT=150 DEFAULT CHARSET=utf8mb4 COLLATE=utf8mb4_unicode_ci;

-- Dumping data for table hemaplus-database.order_items: ~95 rows (approximately)
DELETE FROM `order_items`;
INSERT INTO `order_items` (`id`, `created_at`, `updated_at`, `order_id`, `product_id`, `quantity`, `item_price`, `total_price`, `deleted_at`, `is_activate`, `report_id`) VALUES
	(1, '2025-10-10 06:57:21', '2025-10-10 06:57:21', 1, 2, 1, 200.00, 200.00, NULL, 1, 1),
	(2, '2025-10-10 07:02:37', '2025-10-10 07:02:37', 2, 3, 1, 300.00, 300.00, NULL, 1, 1),
	(3, '2025-10-10 07:04:56', '2025-10-10 07:04:56', 3, 4, 1, 400.00, 400.00, NULL, 1, 1),
	(4, '2025-10-10 07:07:10', '2025-10-10 07:07:10', 4, 5, 1, 500.00, 500.00, NULL, 1, 1),
	(5, '2025-10-10 07:09:33', '2025-10-10 07:09:33', 5, 6, 1, 600.00, 600.00, NULL, 1, 1),
	(6, '2025-10-10 07:11:37', '2025-10-10 07:11:37', 6, 7, 1, 700.00, 700.00, NULL, 1, 1),
	(7, '2025-10-10 09:52:20', '2025-10-10 09:52:20', 7, 4, 1, 400.00, 400.00, NULL, 1, 1),
	(8, '2025-10-10 09:54:10', '2025-10-10 09:54:10', 8, 3, 1, 300.00, 300.00, NULL, 1, 1),
	(9, '2025-10-11 22:23:41', '2025-10-11 22:23:41', 9, 1, 1, 100.00, 100.00, NULL, 1, 1),
	(10, '2025-10-11 22:25:11', '2025-10-11 22:25:11', 10, 2, 1, 250.00, 250.00, NULL, 1, 1),
	(11, '2025-10-18 04:08:37', '2025-10-18 04:08:37', 11, 3, 1, 150.00, 150.00, NULL, 1, 1),
	(12, '2025-10-19 17:30:00', '2025-10-19 17:30:00', 12, 5, 1, 500.00, 500.00, NULL, 1, 1),
	(13, '2025-10-20 15:15:22', '2025-10-20 15:15:22', 13, 4, 1, 350.00, 350.00, NULL, 1, 1),
	(14, '2025-10-21 21:45:33', '2025-10-21 21:45:33', 14, 6, 1, 450.00, 450.00, NULL, 1, 1),
	(15, '2025-10-22 16:20:15', '2025-10-22 16:20:15', 15, 1, 1, 600.00, 600.00, NULL, 1, 1),
	(16, '2025-10-23 18:30:45', '2025-10-23 18:30:45', 16, 2, 1, 550.00, 550.00, NULL, 1, 1),
	(17, '2025-10-24 23:10:20', '2025-10-24 23:10:20', 17, 3, 1, 480.00, 480.00, NULL, 1, 1),
	(18, '2025-10-25 20:50:00', '2025-10-25 20:50:00', 18, 4, 1, 420.00, 420.00, NULL, 1, 1),
	(19, '2025-10-26 17:15:35', '2025-10-26 17:15:35', 19, 5, 1, 380.00, 380.00, NULL, 1, 1),
	(20, '2025-10-27 22:30:10', '2025-10-27 22:30:10', 20, 6, 1, 320.00, 320.00, NULL, 1, 1),
	(21, '2025-10-28 19:00:45', '2025-10-28 19:00:45', 21, 7, 1, 520.00, 520.00, NULL, 1, 1),
	(22, '2025-10-29 16:45:20', '2025-10-29 16:45:20', 22, 1, 1, 410.00, 410.00, NULL, 1, 1),
	(23, '2025-10-30 21:20:30', '2025-10-30 21:20:30', 23, 2, 1, 460.00, 460.00, NULL, 1, 1),
	(24, '2025-10-31 18:35:15', '2025-10-31 18:35:15', 24, 3, 1, 390.00, 390.00, NULL, 1, 1),
	(25, '2025-11-01 15:50:00', '2025-11-01 15:50:00', 25, 4, 1, 440.00, 440.00, NULL, 1, 1),
	(26, '2025-11-03 00:15:25', '2025-11-03 00:15:25', 26, 5, 1, 370.00, 370.00, NULL, 1, 1),
	(27, '2025-11-03 21:45:40', '2025-11-03 21:45:40', 27, 6, 1, 510.00, 510.00, NULL, 1, 1),
	(28, '2025-11-04 18:20:15', '2025-11-04 18:20:15', 28, 7, 1, 430.00, 430.00, NULL, 1, 1),
	(29, '2025-11-05 23:00:50', '2025-11-05 23:00:50', 29, 1, 1, 490.00, 490.00, NULL, 1, 1),
	(30, '2025-11-06 20:30:25', '2025-11-06 20:30:25', 30, 2, 1, 360.00, 360.00, NULL, 1, 1),
	(31, '2025-11-07 17:15:40', '2025-11-07 17:15:40', 31, 3, 1, 540.00, 540.00, NULL, 1, 1),
	(32, '2025-11-08 22:50:00', '2025-11-08 22:50:00', 32, 4, 1, 150.00, 150.00, NULL, 1, 1),
	(33, '2025-11-09 19:20:15', '2025-11-09 19:20:15', 33, 5, 1, 280.00, 280.00, NULL, 1, 1),
	(34, '2025-11-11 00:30:45', '2025-11-11 00:30:45', 34, 1, 1, 410.00, 410.00, NULL, 1, 1),
	(35, '2025-11-11 21:05:30', '2025-11-11 21:05:30', 35, 2, 1, 360.00, 360.00, NULL, 1, 1),
	(36, '2025-11-12 18:40:20', '2025-11-12 18:40:20', 36, 3, 1, 470.00, 470.00, NULL, 1, 1),
	(37, '2025-11-13 23:15:50', '2025-11-13 23:15:50', 37, 4, 1, 520.00, 520.00, NULL, 1, 1),
	(38, '2025-11-14 20:35:15', '2025-11-14 20:35:15', 38, 5, 1, 380.00, 380.00, NULL, 1, 1),
	(39, '2025-11-15 17:50:40', '2025-11-15 17:50:40', 39, 6, 1, 430.00, 430.00, NULL, 1, 1),
	(40, '2025-11-16 22:25:25', '2025-11-16 22:25:25', 40, 7, 1, 490.00, 490.00, NULL, 1, 1),
	(41, '2025-11-17 19:45:10', '2025-11-17 19:45:10', 41, 1, 1, 360.00, 360.00, NULL, 1, 1),
	(42, '2025-11-19 00:20:35', '2025-11-19 00:20:35', 42, 2, 1, 540.00, 540.00, NULL, 1, 1),
	(43, '2025-11-19 21:10:50', '2025-11-19 21:10:50', 43, 3, 1, 450.00, 450.00, NULL, 1, 1),
	(44, '2025-11-20 18:35:20', '2025-11-20 18:35:20', 44, 4, 1, 400.00, 400.00, NULL, 1, 1),
	(45, '2025-11-21 23:05:45', '2025-11-21 23:05:45', 45, 5, 1, 480.00, 480.00, NULL, 1, 1),
	(46, '2025-11-22 20:40:10', '2025-11-22 20:40:10', 46, 6, 1, 350.00, 350.00, NULL, 1, 1),
	(47, '2025-11-23 17:55:35', '2025-11-23 17:55:35', 47, 7, 1, 420.00, 420.00, NULL, 1, 1),
	(48, '2025-11-24 22:30:20', '2025-11-24 22:30:20', 48, 1, 1, 510.00, 510.00, NULL, 1, 1),
	(49, '2025-11-25 19:15:50', '2025-11-25 19:15:50', 49, 2, 1, 370.00, 370.00, NULL, 1, 1),
	(50, '2025-11-27 00:45:15', '2025-11-27 00:45:15', 50, 3, 1, 460.00, 460.00, NULL, 1, 1),
	(51, '2025-11-27 21:20:40', '2025-11-27 21:20:40', 51, 4, 1, 320.00, 320.00, NULL, 1, 1),
	(52, '2025-11-28 18:50:25', '2025-11-28 18:50:25', 52, 5, 1, 550.00, 550.00, NULL, 1, 1),
	(53, '2025-11-29 23:35:10', '2025-11-29 23:35:10', 53, 6, 1, 390.00, 390.00, NULL, 1, 1),
	(54, '2025-11-30 20:05:45', '2025-11-30 20:05:45', 54, 7, 1, 470.00, 470.00, NULL, 1, 1),
	(55, '2025-12-01 17:30:20', '2025-12-01 17:30:20', 55, 1, 1, 340.00, 340.00, NULL, 1, 1),
	(56, '2025-12-02 22:15:35', '2025-12-02 22:15:35', 56, 2, 1, 560.00, 560.00, NULL, 1, 1),
	(57, '2025-12-03 19:40:50', '2025-12-03 19:40:50', 57, 3, 1, 280.00, 280.00, NULL, 1, 1),
	(58, '2025-12-05 00:25:15', '2025-12-05 00:25:15', 58, 4, 1, 430.00, 430.00, NULL, 1, 1),
	(59, '2025-12-05 21:00:40', '2025-12-05 21:00:40', 59, 5, 1, 500.00, 500.00, NULL, 1, 1),
	(60, '2025-12-06 18:45:25', '2025-12-06 18:45:25', 60, 6, 1, 360.00, 360.00, NULL, 1, 1),
	(61, '2025-12-07 23:20:10', '2025-12-07 23:20:10', 61, 7, 1, 440.00, 440.00, NULL, 1, 1),
	(62, '2025-12-08 20:35:45', '2025-12-08 20:35:45', 62, 1, 1, 520.00, 520.00, NULL, 1, 1),
	(63, '2025-12-09 17:50:20', '2025-12-09 17:50:20', 63, 2, 1, 380.00, 380.00, NULL, 1, 1),
	(64, '2025-12-10 22:15:35', '2025-12-10 22:15:35', 64, 3, 1, 600.00, 600.00, NULL, 1, 1),
	(65, '2025-10-10 06:57:21', '2025-10-10 06:57:21', 1, 2, 1, 200.00, 200.00, NULL, 1, 1),
	(66, '2025-10-10 07:02:37', '2025-10-10 07:02:37', 2, 3, 1, 300.00, 300.00, NULL, 1, 1),
	(67, '2025-10-10 07:04:56', '2025-10-10 07:04:56', 3, 4, 1, 400.00, 400.00, NULL, 1, 1),
	(68, '2025-10-10 07:07:10', '2025-10-10 07:07:10', 4, 5, 1, 500.00, 500.00, NULL, 1, 1),
	(69, '2025-10-10 07:09:33', '2025-10-10 07:09:33', 5, 6, 1, 600.00, 600.00, NULL, 1, 1),
	(108, '2026-01-26 23:54:11', '2026-01-26 23:54:11', 86, 15, 1, 95.00, 95.00, NULL, 1, 1),
	(109, '2026-01-26 23:54:11', '2026-01-26 23:54:11', 87, 13, 2, 500.00, 1000.00, NULL, 1, 1),
	(110, '2026-01-26 23:54:11', '2026-01-26 23:54:11', 87, 18, 1, 95.00, 95.00, NULL, 1, 1),
	(111, '2026-01-26 23:54:11', '2026-01-26 23:54:11', 88, 13, 2, 500.00, 1000.00, NULL, 1, 1),
	(112, '2026-01-26 23:54:11', '2026-01-26 23:54:11', 88, 16, 2, 450.00, 900.00, NULL, 1, 1),
	(113, '2026-01-26 23:54:11', '2026-01-26 23:54:11', 89, 11, 3, 500.00, 1500.00, NULL, 1, 1),
	(114, '2026-01-26 23:54:11', '2026-01-26 23:54:11', 90, 11, 1, 500.00, 500.00, NULL, 1, 1),
	(115, '2026-01-26 23:54:11', '2026-01-26 23:54:11', 91, 14, 3, 500.00, 1500.00, NULL, 1, 1),
	(116, '2026-01-26 23:54:11', '2026-01-26 23:54:11', 92, 14, 3, 500.00, 1500.00, NULL, 1, 1),
	(117, '2026-01-26 23:54:11', '2026-01-26 23:54:11', 93, 9, 1, 500.00, 500.00, NULL, 1, 1),
	(134, '2026-02-17 05:14:56', '2026-02-17 05:14:56', 109, 30, 1, 9500.00, 9500.00, NULL, 1, 1),
	(135, '2026-02-17 05:14:56', '2026-02-17 05:14:56', 109, 32, 1, 4900.00, 4900.00, NULL, 1, 1),
	(136, '2026-02-17 05:14:56', '2026-02-17 05:14:56', 110, 31, 1, 8900.00, 8900.00, NULL, 1, 1),
	(137, '2026-02-17 05:14:56', '2026-02-17 05:14:56', 110, 33, 3, 2200.00, 6600.00, NULL, 1, 1),
	(138, '2026-02-17 05:14:56', '2026-02-17 05:14:56', 112, 33, 1, 2200.00, 2200.00, NULL, 1, 1),
	(139, '2026-02-17 05:14:56', '2026-02-17 05:14:56', 112, 35, 1, 420.00, 420.00, NULL, 1, 1),
	(140, '2026-02-17 05:14:56', '2026-02-17 05:14:56', 113, 34, 1, 6900.00, 6900.00, NULL, 1, 1),
	(141, '2026-02-17 05:14:56', '2026-02-17 05:14:56', 113, 36, 1, 760.00, 760.00, NULL, 1, 1),
	(142, '2026-02-17 05:14:56', '2026-02-17 05:14:56', 114, 35, 3, 420.00, 1260.00, NULL, 1, 1),
	(143, '2026-02-17 05:14:56', '2026-02-17 05:14:56', 114, 37, 1, 9800.00, 9800.00, NULL, 1, 1),
	(144, '2026-02-17 05:14:56', '2026-02-17 05:14:56', 115, 36, 1, 760.00, 760.00, NULL, 1, 1),
	(145, '2026-02-17 05:14:56', '2026-02-17 05:14:56', 115, 30, 1, 9500.00, 9500.00, NULL, 1, 1),
	(146, '2026-02-17 05:14:56', '2026-02-17 05:14:56', 116, 37, 1, 9800.00, 9800.00, NULL, 1, 1),
	(147, '2026-02-17 05:14:56', '2026-02-17 05:14:56', 116, 31, 1, 8900.00, 8900.00, NULL, 1, 1),
	(148, '2026-02-17 05:14:56', '2026-02-17 05:14:56', 117, 30, 1, 9500.00, 9500.00, NULL, 1, 1),
	(149, '2026-02-17 05:14:56', '2026-02-17 05:14:56', 117, 32, 2, 4900.00, 9800.00, NULL, 1, 1);

-- Dumping structure for table hemaplus-database.order_partial_receive
CREATE TABLE IF NOT EXISTS `order_partial_receive` (
  `id` bigint unsigned NOT NULL AUTO_INCREMENT,
  `created_at` timestamp NULL DEFAULT NULL,
  `updated_at` timestamp NULL DEFAULT NULL,
  `order_id` int DEFAULT NULL,
  `user_id` int DEFAULT NULL,
  `offer_id` int DEFAULT NULL,
  `files` varchar(1255) COLLATE utf8mb4_unicode_ci DEFAULT NULL,
  `received_quantity` int DEFAULT NULL,
  `received_all_quantity` tinyint NOT NULL DEFAULT '0',
  `reason_for_partial` varchar(1255) COLLATE utf8mb4_unicode_ci DEFAULT NULL,
  `deleted_at` datetime DEFAULT NULL,
  `is_activate` tinyint NOT NULL DEFAULT '1',
  `report_id` tinyint NOT NULL DEFAULT '1',
  PRIMARY KEY (`id`)
) ENGINE=InnoDB AUTO_INCREMENT=6 DEFAULT CHARSET=utf8mb4 COLLATE=utf8mb4_unicode_ci;

-- Dumping data for table hemaplus-database.order_partial_receive: ~5 rows (approximately)
DELETE FROM `order_partial_receive`;
INSERT INTO `order_partial_receive` (`id`, `created_at`, `updated_at`, `order_id`, `user_id`, `offer_id`, `files`, `received_quantity`, `received_all_quantity`, `reason_for_partial`, `deleted_at`, `is_activate`, `report_id`) VALUES
	(1, '2025-10-10 09:30:00', '2025-10-10 09:30:00', 3, 2, NULL, NULL, 1, 0, NULL, NULL, 1, 1),
	(2, '2025-10-10 12:30:00', '2025-10-10 12:30:00', 6, 2, NULL, NULL, 2, 0, NULL, NULL, 1, 1),
	(3, '2025-10-10 08:30:00', '2025-10-10 08:30:00', 2, 2, NULL, NULL, 1, 0, NULL, NULL, 1, 1),
	(4, '2025-10-10 11:30:00', '2025-10-10 11:30:00', 5, 4, NULL, NULL, 3, 0, NULL, NULL, 1, 1),
	(5, '2025-10-10 10:30:00', '2025-10-10 10:30:00', 4, 4, NULL, NULL, 2, 0, NULL, NULL, 1, 1);

-- Dumping structure for table hemaplus-database.order_timeline
CREATE TABLE IF NOT EXISTS `order_timeline` (
  `id` bigint unsigned NOT NULL AUTO_INCREMENT,
  `created_at` timestamp NULL DEFAULT NULL,
  `updated_at` timestamp NULL DEFAULT NULL,
  `user_id` int DEFAULT NULL,
  `order_id` int DEFAULT NULL,
  `timeline_no` int DEFAULT NULL COMMENT '\n                1 => Order Created, 2 => Confirmed by Supplier, 3 => Processing, 4 => Shipped, \n                5 => Delivered, 6 => Completed, 7 => Offers Received, 8 => Supplier Selected, \n                9 => Converted to Order, 10 => Under Review, 11 => Assigned to Supplier\n            ',
  `action_at` datetime DEFAULT NULL,
  `deleted_at` datetime DEFAULT NULL,
  `is_activate` tinyint NOT NULL DEFAULT '1',
  `report_id` tinyint NOT NULL DEFAULT '1',
  PRIMARY KEY (`id`)
) ENGINE=InnoDB AUTO_INCREMENT=130 DEFAULT CHARSET=utf8mb4 COLLATE=utf8mb4_unicode_ci;

-- Dumping data for table hemaplus-database.order_timeline: ~101 rows (approximately)
DELETE FROM `order_timeline`;
INSERT INTO `order_timeline` (`id`, `created_at`, `updated_at`, `user_id`, `order_id`, `timeline_no`, `action_at`, `deleted_at`, `is_activate`, `report_id`) VALUES
	(1, '2025-10-10 06:57:21', '2025-10-10 06:57:21', NULL, 1, 1, '2025-10-09 23:57:21', NULL, 1, 1),
	(2, '2025-10-10 07:15:45', '2025-10-10 07:15:45', NULL, 1, 3, '2025-10-10 00:15:45', NULL, 1, 1),
	(3, '2025-10-10 07:02:37', '2025-10-10 07:02:37', NULL, 2, 1, '2025-10-10 00:02:37', NULL, 1, 1),
	(4, '2025-10-10 07:30:20', '2025-10-10 07:30:20', NULL, 2, 3, '2025-10-10 00:30:20', NULL, 1, 1),
	(5, '2025-10-10 07:04:56', '2025-10-10 07:04:56', NULL, 3, 1, '2025-10-10 00:04:56', NULL, 1, 1),
	(6, '2025-10-10 07:45:10', '2025-10-10 07:45:10', NULL, 3, 2, '2025-10-10 00:45:10', NULL, 1, 1),
	(7, '2025-10-10 09:00:25', '2025-10-10 09:00:25', NULL, 3, 3, '2025-10-10 02:00:25', NULL, 1, 1),
	(8, '2025-10-10 09:56:22', '2025-10-10 09:56:22', NULL, 3, 6, '2025-10-10 02:56:22', NULL, 1, 1),
	(9, '2025-10-09 09:00:00', '2025-10-09 09:00:00', NULL, 9, 3, '2025-10-09 02:00:00', NULL, 1, 1),
	(10, '2025-10-09 11:00:00', '2025-10-09 11:00:00', NULL, 10, 4, '2025-10-09 04:00:00', NULL, 1, 1),
	(11, '2025-10-09 13:00:00', '2025-10-09 13:00:00', NULL, 11, 5, '2025-10-09 06:00:00', NULL, 1, 1),
	(12, '2025-10-09 15:00:00', '2025-10-09 15:00:00', NULL, 12, 6, '2025-10-09 08:00:00', NULL, 1, 1),
	(13, '2025-10-09 17:00:00', '2025-10-09 17:00:00', NULL, 13, 1, '2025-10-09 10:00:00', NULL, 1, 1),
	(14, '2025-10-09 19:00:00', '2025-10-09 19:00:00', NULL, 14, 2, '2025-10-09 12:00:00', NULL, 1, 1),
	(15, '2025-10-09 21:00:00', '2025-10-09 21:00:00', NULL, 15, 3, '2025-10-09 14:00:00', NULL, 1, 1),
	(16, '2025-10-09 23:00:00', '2025-10-09 23:00:00', NULL, 16, 4, '2025-10-09 16:00:00', NULL, 1, 1),
	(17, '2025-10-10 01:00:00', '2025-10-10 01:00:00', NULL, 17, 5, '2025-10-09 18:00:00', NULL, 1, 1),
	(18, '2025-10-10 03:00:00', '2025-10-10 03:00:00', NULL, 18, 6, '2025-10-09 20:00:00', NULL, 1, 1),
	(19, '2025-10-10 05:00:00', '2025-10-10 05:00:00', NULL, 19, 1, '2025-10-09 22:00:00', NULL, 1, 1),
	(20, '2025-10-10 07:00:00', '2025-10-10 07:00:00', NULL, 20, 2, '2025-10-10 00:00:00', NULL, 1, 1),
	(21, '2025-10-10 09:00:00', '2025-10-10 09:00:00', NULL, 21, 3, '2025-10-10 02:00:00', NULL, 1, 1),
	(22, '2025-10-10 11:00:00', '2025-10-10 11:00:00', NULL, 22, 4, '2025-10-10 04:00:00', NULL, 1, 1),
	(23, '2025-10-10 13:00:00', '2025-10-10 13:00:00', NULL, 23, 5, '2025-10-10 06:00:00', NULL, 1, 1),
	(24, '2025-10-10 15:00:00', '2025-10-10 15:00:00', NULL, 24, 6, '2025-10-10 08:00:00', NULL, 1, 1),
	(25, '2025-10-10 17:00:00', '2025-10-10 17:00:00', NULL, 25, 1, '2025-10-10 10:00:00', NULL, 1, 1),
	(26, '2025-10-10 19:00:00', '2025-10-10 19:00:00', NULL, 26, 2, '2025-10-10 12:00:00', NULL, 1, 1),
	(27, '2025-10-10 21:00:00', '2025-10-10 21:00:00', NULL, 27, 3, '2025-10-10 14:00:00', NULL, 1, 1),
	(28, '2025-10-10 23:00:00', '2025-10-10 23:00:00', NULL, 28, 4, '2025-10-10 16:00:00', NULL, 1, 1),
	(29, '2025-10-11 01:00:00', '2025-10-11 01:00:00', NULL, 29, 5, '2025-10-10 18:00:00', NULL, 1, 1),
	(30, '2025-10-11 03:00:00', '2025-10-11 03:00:00', NULL, 30, 6, '2025-10-10 20:00:00', NULL, 1, 1),
	(31, '2025-10-11 05:00:00', '2025-10-11 05:00:00', NULL, 31, 1, '2025-10-10 22:00:00', NULL, 1, 1),
	(32, '2025-10-11 07:00:00', '2025-10-11 07:00:00', NULL, 32, 2, '2025-10-11 00:00:00', NULL, 1, 1),
	(33, '2025-10-11 09:00:00', '2025-10-11 09:00:00', NULL, 33, 3, '2025-10-11 02:00:00', NULL, 1, 1),
	(34, '2025-10-11 11:00:00', '2025-10-11 11:00:00', NULL, 34, 4, '2025-10-11 04:00:00', NULL, 1, 1),
	(35, '2025-10-11 13:00:00', '2025-10-11 13:00:00', NULL, 35, 5, '2025-10-11 06:00:00', NULL, 1, 1),
	(36, '2025-10-11 15:00:00', '2025-10-11 15:00:00', NULL, 36, 6, '2025-10-11 08:00:00', NULL, 1, 1),
	(37, '2025-10-11 17:00:00', '2025-10-11 17:00:00', NULL, 37, 1, '2025-10-11 10:00:00', NULL, 1, 1),
	(38, '2025-10-11 19:00:00', '2025-10-11 19:00:00', NULL, 38, 2, '2025-10-11 12:00:00', NULL, 1, 1),
	(39, '2025-10-11 21:00:00', '2025-10-11 21:00:00', NULL, 39, 3, '2025-10-11 14:00:00', NULL, 1, 1),
	(40, '2025-10-11 23:00:00', '2025-10-11 23:00:00', NULL, 40, 4, '2025-10-11 16:00:00', NULL, 1, 1),
	(41, '2025-10-12 01:00:00', '2025-10-12 01:00:00', NULL, 41, 5, '2025-10-11 18:00:00', NULL, 1, 1),
	(42, '2025-10-12 03:00:00', '2025-10-12 03:00:00', NULL, 42, 6, '2025-10-11 20:00:00', NULL, 1, 1),
	(43, '2025-10-12 05:00:00', '2025-10-12 05:00:00', NULL, 43, 1, '2025-10-11 22:00:00', NULL, 1, 1),
	(44, '2025-10-12 07:00:00', '2025-10-12 07:00:00', NULL, 44, 2, '2025-10-12 00:00:00', NULL, 1, 1),
	(45, '2025-10-12 09:00:00', '2025-10-12 09:00:00', NULL, 45, 3, '2025-10-12 02:00:00', NULL, 1, 1),
	(46, '2025-10-12 11:00:00', '2025-10-12 11:00:00', NULL, 46, 4, '2025-10-12 04:00:00', NULL, 1, 1),
	(47, '2025-10-12 13:00:00', '2025-10-12 13:00:00', NULL, 47, 5, '2025-10-12 06:00:00', NULL, 1, 1),
	(48, '2025-10-12 15:00:00', '2025-10-12 15:00:00', NULL, 48, 6, '2025-10-12 08:00:00', NULL, 1, 1),
	(49, '2025-10-12 17:00:00', '2025-10-12 17:00:00', NULL, 49, 1, '2025-10-12 10:00:00', NULL, 1, 1),
	(50, '2025-10-12 19:00:00', '2025-10-12 19:00:00', NULL, 50, 2, '2025-10-12 12:00:00', NULL, 1, 1),
	(51, '2025-10-12 21:00:00', '2025-10-12 21:00:00', NULL, 51, 3, '2025-10-12 14:00:00', NULL, 1, 1),
	(52, '2025-10-12 23:00:00', '2025-10-12 23:00:00', NULL, 52, 4, '2025-10-12 16:00:00', NULL, 1, 1),
	(53, '2025-10-13 01:00:00', '2025-10-13 01:00:00', NULL, 53, 5, '2025-10-12 18:00:00', NULL, 1, 1),
	(54, '2025-10-13 03:00:00', '2025-10-13 03:00:00', NULL, 54, 6, '2025-10-12 20:00:00', NULL, 1, 1),
	(55, '2025-10-13 05:00:00', '2025-10-13 05:00:00', NULL, 55, 1, '2025-10-12 22:00:00', NULL, 1, 1),
	(56, '2025-10-13 07:00:00', '2025-10-13 07:00:00', NULL, 56, 2, '2025-10-13 00:00:00', NULL, 1, 1),
	(57, '2025-10-13 09:00:00', '2025-10-13 09:00:00', NULL, 57, 3, '2025-10-13 02:00:00', NULL, 1, 1),
	(58, '2025-10-13 11:00:00', '2025-10-13 11:00:00', NULL, 58, 4, '2025-10-13 04:00:00', NULL, 1, 1),
	(59, '2025-10-13 13:00:00', '2025-10-13 13:00:00', NULL, 59, 5, '2025-10-13 06:00:00', NULL, 1, 1),
	(60, '2025-10-13 15:00:00', '2025-10-13 15:00:00', NULL, 60, 6, '2025-10-13 08:00:00', NULL, 1, 1),
	(61, '2025-10-13 17:00:00', '2025-10-13 17:00:00', NULL, 61, 1, '2025-10-13 10:00:00', NULL, 1, 1),
	(62, '2025-10-13 19:00:00', '2025-10-13 19:00:00', NULL, 62, 2, '2025-10-13 12:00:00', NULL, 1, 1),
	(63, '2025-10-13 21:00:00', '2025-10-13 21:00:00', NULL, 63, 3, '2025-10-13 14:00:00', NULL, 1, 1),
	(64, '2025-10-13 23:00:00', '2025-10-13 23:00:00', NULL, 64, 4, '2025-10-13 16:00:00', NULL, 1, 1),
	(65, '2025-10-14 01:00:00', '2025-10-14 01:00:00', NULL, 1, 5, '2025-10-13 18:00:00', NULL, 1, 1),
	(66, '2025-10-14 03:00:00', '2025-10-14 03:00:00', NULL, 2, 6, '2025-10-13 20:00:00', NULL, 1, 1),
	(67, '2025-10-14 05:00:00', '2025-10-14 05:00:00', NULL, 3, 1, '2025-10-13 22:00:00', NULL, 1, 1),
	(68, '2025-10-14 07:00:00', '2025-10-14 07:00:00', NULL, 4, 2, '2025-10-14 00:00:00', NULL, 1, 1),
	(69, '2025-10-14 09:00:00', '2025-10-14 09:00:00', NULL, 5, 3, '2025-10-14 02:00:00', NULL, 1, 1),
	(70, '2025-10-14 11:00:00', '2025-10-14 11:00:00', NULL, 6, 4, '2025-10-14 04:00:00', NULL, 1, 1),
	(71, '2025-10-14 13:00:00', '2025-10-14 13:00:00', NULL, 7, 5, '2025-10-14 06:00:00', NULL, 1, 1),
	(72, '2025-10-14 15:00:00', '2025-10-14 15:00:00', NULL, 8, 6, '2025-10-14 08:00:00', NULL, 1, 1),
	(73, '2025-10-14 17:00:00', '2025-10-14 17:00:00', NULL, 9, 1, '2025-10-14 10:00:00', NULL, 1, 1),
	(74, '2025-10-14 19:00:00', '2025-10-14 19:00:00', NULL, 10, 2, '2025-10-14 12:00:00', NULL, 1, 1),
	(75, '2025-10-14 21:00:00', '2025-10-14 21:00:00', NULL, 11, 3, '2025-10-14 14:00:00', NULL, 1, 1),
	(76, '2025-10-14 23:00:00', '2025-10-14 23:00:00', NULL, 12, 4, '2025-10-14 16:00:00', NULL, 1, 1),
	(77, '2025-10-15 01:00:00', '2025-10-15 01:00:00', NULL, 13, 5, '2025-10-14 18:00:00', NULL, 1, 1),
	(78, '2025-10-15 03:00:00', '2025-10-15 03:00:00', NULL, 14, 6, '2025-10-14 20:00:00', NULL, 1, 1),
	(79, '2025-10-15 05:00:00', '2025-10-15 05:00:00', NULL, 15, 1, '2025-10-14 22:00:00', NULL, 1, 1),
	(80, '2025-10-15 07:00:00', '2025-10-15 07:00:00', NULL, 16, 2, '2025-10-15 00:00:00', NULL, 1, 1),
	(81, '2025-10-15 09:00:00', '2025-10-15 09:00:00', NULL, 17, 3, '2025-10-15 02:00:00', NULL, 1, 1),
	(98, '2026-01-26 23:54:11', '2026-01-26 23:54:11', 29, 86, 1, '2026-01-26 15:54:11', NULL, 1, 1),
	(99, '2026-01-26 23:54:11', '2026-01-26 23:54:11', 29, 87, 2, '2026-01-26 15:54:11', NULL, 1, 1),
	(100, '2026-01-26 23:54:11', '2026-01-26 23:54:11', 29, 88, 3, '2026-01-26 15:54:11', NULL, 1, 1),
	(101, '2026-01-26 23:54:11', '2026-01-26 23:54:11', 29, 89, 4, '2026-01-26 15:54:11', NULL, 1, 1),
	(102, '2026-01-26 23:54:11', '2026-01-26 23:54:11', 29, 90, 5, '2026-01-26 15:54:11', NULL, 1, 1),
	(103, '2026-01-26 23:54:11', '2026-01-26 23:54:11', 29, 91, 6, '2026-01-26 15:54:11', NULL, 1, 1),
	(104, '2026-01-26 23:54:11', '2026-01-26 23:54:11', 29, 92, 7, '2026-01-26 15:54:11', NULL, 1, 1),
	(105, '2026-01-26 23:54:11', '2026-01-26 23:54:11', 29, 93, 8, '2026-01-26 15:54:11', NULL, 1, 1),
	(118, '2026-02-17 05:14:56', '2026-02-17 05:14:56', 56, 109, 1, '2026-02-15 21:14:56', NULL, 1, 1),
	(119, '2026-02-17 05:14:56', '2026-02-17 05:14:56', 50, 109, 2, '2026-02-16 03:14:56', NULL, 1, 1),
	(120, '2026-02-17 05:14:56', '2026-02-17 05:14:56', 57, 110, 1, '2026-02-14 21:14:56', NULL, 1, 1),
	(121, '2026-02-17 05:14:56', '2026-02-17 05:14:56', 58, 111, 1, '2026-02-13 21:14:56', NULL, 1, 1),
	(122, '2026-02-17 05:14:56', '2026-02-17 05:14:56', 50, 111, 2, '2026-02-14 03:14:56', NULL, 1, 1),
	(123, '2026-02-17 05:14:56', '2026-02-17 05:14:56', 59, 112, 1, '2026-02-11 21:14:56', NULL, 1, 1),
	(124, '2026-02-17 05:14:56', '2026-02-17 05:14:56', 60, 113, 1, '2026-02-08 21:14:56', NULL, 1, 1),
	(125, '2026-02-17 05:14:56', '2026-02-17 05:14:56', 56, 114, 1, '2026-02-04 21:14:56', NULL, 1, 1),
	(126, '2026-02-17 05:14:56', '2026-02-17 05:14:56', 57, 115, 1, '2026-01-27 21:14:56', NULL, 1, 1),
	(127, '2026-02-17 05:14:56', '2026-02-17 05:14:56', 58, 116, 1, '2026-01-19 21:14:56', NULL, 1, 1),
	(128, '2026-02-17 05:14:56', '2026-02-17 05:14:56', 50, 116, 2, '2026-01-20 03:14:56', NULL, 1, 1),
	(129, '2026-02-17 05:14:56', '2026-02-17 05:14:56', 59, 117, 1, '2026-01-12 21:14:56', NULL, 1, 1);

-- Dumping structure for table hemaplus-database.password_reset_tokens
CREATE TABLE IF NOT EXISTS `password_reset_tokens` (
  `email` varchar(255) COLLATE utf8mb4_unicode_ci NOT NULL,
  `token` varchar(255) COLLATE utf8mb4_unicode_ci NOT NULL,
  `created_at` timestamp NULL DEFAULT NULL,
  `report_id` tinyint NOT NULL DEFAULT '1',
  PRIMARY KEY (`email`)
) ENGINE=InnoDB DEFAULT CHARSET=utf8mb4 COLLATE=utf8mb4_unicode_ci;

-- Dumping data for table hemaplus-database.password_reset_tokens: ~0 rows (approximately)
DELETE FROM `password_reset_tokens`;

-- Dumping structure for table hemaplus-database.personal_access_tokens
CREATE TABLE IF NOT EXISTS `personal_access_tokens` (
  `id` bigint unsigned NOT NULL AUTO_INCREMENT,
  `tokenable_type` varchar(255) COLLATE utf8mb4_unicode_ci NOT NULL,
  `tokenable_id` bigint unsigned NOT NULL,
  `name` varchar(255) COLLATE utf8mb4_unicode_ci NOT NULL,
  `token` varchar(64) COLLATE utf8mb4_unicode_ci NOT NULL,
  `abilities` text COLLATE utf8mb4_unicode_ci,
  `last_used_at` timestamp NULL DEFAULT NULL,
  `expires_at` timestamp NULL DEFAULT NULL,
  `created_at` timestamp NULL DEFAULT NULL,
  `updated_at` timestamp NULL DEFAULT NULL,
  `report_id` tinyint NOT NULL DEFAULT '1',
  PRIMARY KEY (`id`),
  UNIQUE KEY `personal_access_tokens_token_unique` (`token`),
  KEY `personal_access_tokens_tokenable_type_tokenable_id_index` (`tokenable_type`,`tokenable_id`)
) ENGINE=InnoDB DEFAULT CHARSET=utf8mb4 COLLATE=utf8mb4_unicode_ci;

-- Dumping data for table hemaplus-database.personal_access_tokens: ~0 rows (approximately)
DELETE FROM `personal_access_tokens`;

-- Dumping structure for table hemaplus-database.products
CREATE TABLE IF NOT EXISTS `products` (
  `id` bigint unsigned NOT NULL AUTO_INCREMENT,
  `created_at` timestamp NULL DEFAULT NULL,
  `updated_at` timestamp NULL DEFAULT NULL,
  `name` varchar(255) COLLATE utf8mb4_unicode_ci DEFAULT NULL,
  `category_id` int DEFAULT NULL,
  `desc` varchar(1255) COLLATE utf8mb4_unicode_ci DEFAULT NULL,
  `price` decimal(6,2) DEFAULT NULL,
  `stock_quantity` int DEFAULT NULL,
  `img` varchar(255) COLLATE utf8mb4_unicode_ci DEFAULT NULL,
  `imgs` varchar(1255) COLLATE utf8mb4_unicode_ci DEFAULT NULL,
  `imaging_type` varchar(255) COLLATE utf8mb4_unicode_ci DEFAULT NULL,
  `power` varchar(255) COLLATE utf8mb4_unicode_ci DEFAULT NULL,
  `manufacture_date` date DEFAULT NULL,
  `production_date` date DEFAULT NULL,
  `expiry_date` date DEFAULT NULL,
  `weight` varchar(255) COLLATE utf8mb4_unicode_ci DEFAULT NULL,
  `dimensions` varchar(255) COLLATE utf8mb4_unicode_ci DEFAULT NULL,
  `warranty` varchar(255) COLLATE utf8mb4_unicode_ci DEFAULT NULL,
  `origin_id` int DEFAULT NULL,
  `provider_id` int DEFAULT NULL,
  `is_offer` tinyint NOT NULL DEFAULT '0',
  `is_special` tinyint NOT NULL DEFAULT '0',
  `deleted_at` datetime DEFAULT NULL,
  `is_activate` tinyint NOT NULL DEFAULT '1',
  `report_id` tinyint NOT NULL DEFAULT '1',
  PRIMARY KEY (`id`)
) ENGINE=InnoDB AUTO_INCREMENT=39 DEFAULT CHARSET=utf8mb4 COLLATE=utf8mb4_unicode_ci;

-- Dumping data for table hemaplus-database.products: ~30 rows (approximately)
DELETE FROM `products`;
INSERT INTO `products` (`id`, `created_at`, `updated_at`, `name`, `category_id`, `desc`, `price`, `stock_quantity`, `img`, `imgs`, `imaging_type`, `power`, `manufacture_date`, `production_date`, `expiry_date`, `weight`, `dimensions`, `warranty`, `origin_id`, `provider_id`, `is_offer`, `is_special`, `deleted_at`, `is_activate`, `report_id`) VALUES
	(1, '2025-10-08 05:16:06', '2025-10-10 20:37:49', 'Product 1', 1, 'Description for product 1', 100.00, NULL, 'admin/assets/images/products/175988013899911.png', NULL, NULL, NULL, NULL, NULL, NULL, NULL, NULL, NULL, NULL, 1, 0, 0, NULL, 1, 1),
	(2, '2025-10-08 05:16:24', '2025-10-10 20:37:49', 'Product 2', 2, 'Description for product 2', 200.00, NULL, 'admin/assets/images/products/175988014200999.png', NULL, NULL, NULL, NULL, NULL, NULL, NULL, NULL, NULL, NULL, 1, 0, 0, NULL, 1, 1),
	(3, '2025-10-08 05:16:42', '2025-10-10 20:37:49', 'Product 3', 3, 'Description for product 3', 300.00, NULL, 'admin/assets/images/products/175988014499384.png', NULL, NULL, NULL, NULL, NULL, NULL, NULL, NULL, NULL, NULL, 4, 0, 0, NULL, 1, 1),
	(4, '2025-10-08 05:17:01', '2025-10-10 20:37:49', 'Product 4', 4, 'Description for product 4', 400.00, NULL, 'admin/assets/images/products/175988014742876.png', NULL, NULL, NULL, NULL, NULL, NULL, NULL, NULL, NULL, NULL, 4, 0, 0, NULL, 1, 1),
	(5, '2025-10-08 05:17:22', '2025-10-10 20:37:49', 'Product 5', 5, 'Description for product 5', 500.00, NULL, 'admin/assets/images/products/175988014958234.png', NULL, NULL, NULL, NULL, NULL, NULL, NULL, NULL, NULL, NULL, 5, 0, 0, NULL, 1, 1),
	(6, '2025-10-08 05:17:41', '2025-10-10 20:37:49', 'Product 6', 6, 'Description for product 6', 600.00, NULL, 'admin/assets/images/products/175988015169999.png', NULL, NULL, NULL, NULL, NULL, NULL, NULL, NULL, NULL, NULL, 5, 0, 0, NULL, 1, 1),
	(7, '2025-10-08 05:18:02', '2025-10-10 20:37:49', 'Product 7', 7, 'Description for product 7', 700.00, NULL, 'admin/assets/images/products/175988015385345.png', NULL, NULL, NULL, NULL, NULL, NULL, NULL, NULL, NULL, NULL, 6, 0, 0, NULL, 1, 1),
	(8, '2026-01-26 22:29:34', '2026-01-26 22:29:35', 'Youssef khaled', 5, 'sasad', 23.00, 1323, 'storage/products/dKeOitGD8BbPnUb1IDymB4yC0IPVPZZYZ6WCaHH8.jpg', '["storage\\/products\\/dKeOitGD8BbPnUb1IDymB4yC0IPVPZZYZ6WCaHH8.jpg"]', NULL, NULL, NULL, NULL, NULL, NULL, NULL, NULL, NULL, 29, 0, 0, NULL, 1, 1),
	(9, '2026-01-26 23:06:07', '2026-01-26 23:06:07', 'Digital Blood Pressure Monitor', 1, 'Professional grade digital blood pressure monitor with large display', 450.00, 50, 'storage/products/sample-1.jpg', '["storage\\/products\\/sample-1.jpg","storage\\/products\\/sample-1-alt.jpg"]', NULL, NULL, NULL, NULL, NULL, NULL, NULL, NULL, NULL, 29, 0, 0, NULL, 1, 1),
	(10, '2026-01-26 23:06:07', '2026-01-26 23:06:07', 'Disposable Syringes (100 Pack)', 2, 'Sterile disposable syringes with safety features', 280.00, 200, 'storage/products/sample-2.jpg', '["storage\\/products\\/sample-2.jpg","storage\\/products\\/sample-2-alt.jpg"]', NULL, NULL, NULL, NULL, NULL, NULL, NULL, NULL, NULL, 29, 0, 0, NULL, 1, 1),
	(11, '2026-01-26 23:06:07', '2026-01-26 23:06:07', 'Surgical Gloves Nitrile', 3, 'Latex-free nitrile examination gloves', 95.00, 100, 'storage/products/sample-3.jpg', '["storage\\/products\\/sample-3.jpg","storage\\/products\\/sample-3-alt.jpg"]', NULL, NULL, NULL, NULL, NULL, NULL, NULL, NULL, NULL, 29, 0, 0, NULL, 1, 1),
	(12, '2026-01-26 23:06:07', '2026-01-26 23:06:07', 'Clinical Thermometer Digital', 4, 'Fast and accurate digital thermometer', 150.00, 80, 'storage/products/sample-4.jpg', '["storage\\/products\\/sample-4.jpg","storage\\/products\\/sample-4-alt.jpg"]', NULL, NULL, NULL, NULL, NULL, NULL, NULL, NULL, NULL, 29, 0, 0, NULL, 1, 1),
	(13, '2026-01-26 23:06:07', '2026-01-26 23:06:07', 'Oxygen Saturation Monitor', 5, 'Non-invasive oxygen saturation monitor with display', 550.00, 30, 'storage/products/sample-5.jpg', '["storage\\/products\\/sample-5.jpg","storage\\/products\\/sample-5-alt.jpg"]', NULL, NULL, NULL, NULL, NULL, NULL, NULL, NULL, NULL, 29, 0, 0, NULL, 1, 1),
	(14, '2026-01-26 23:06:07', '2026-01-26 23:06:07', 'Sterile Wound Dressing Kit', 1, 'Complete sterile dressing kit for wound care', 320.00, 40, 'storage/products/sample-6.jpg', '["storage\\/products\\/sample-6.jpg","storage\\/products\\/sample-6-alt.jpg"]', NULL, NULL, NULL, NULL, NULL, NULL, NULL, NULL, NULL, 29, 0, 0, NULL, 1, 1),
	(15, '2026-01-26 23:06:07', '2026-01-26 23:06:07', 'Medical Gauze Pack', 2, 'Medical grade sterile gauze pads', 180.00, 150, 'storage/products/sample-7.jpg', '["storage\\/products\\/sample-7.jpg","storage\\/products\\/sample-7-alt.jpg"]', NULL, NULL, NULL, NULL, NULL, NULL, NULL, NULL, NULL, 29, 0, 0, NULL, 1, 1),
	(16, '2026-01-26 23:06:07', '2026-01-26 23:06:07', 'IV Stand Stainless Steel', 3, 'Adjustable stainless steel IV stand for hospitals', 950.00, 15, 'storage/products/sample-8.jpg', '["storage\\/products\\/sample-8.jpg","storage\\/products\\/sample-8-alt.jpg"]', NULL, NULL, NULL, NULL, NULL, NULL, NULL, NULL, NULL, 29, 0, 0, NULL, 1, 1),
	(17, '2026-01-26 23:06:07', '2026-01-26 23:06:07', 'Examination Bed', 4, 'Professional examination and treatment bed', 2500.00, 8, 'storage/products/sample-9.jpg', '["storage\\/products\\/sample-9.jpg","storage\\/products\\/sample-9-alt.jpg"]', NULL, NULL, NULL, NULL, NULL, NULL, NULL, NULL, NULL, 29, 0, 0, NULL, 1, 1),
	(18, '2026-01-26 23:06:07', '2026-01-26 23:06:07', 'Sterilization Autoclave', 5, 'Medical grade sterilization autoclave for surgical instruments', 5500.00, 5, 'storage/products/sample-10.jpg', '["storage\\/products\\/sample-10.jpg","storage\\/products\\/sample-10-alt.jpg"]', NULL, NULL, NULL, NULL, NULL, NULL, NULL, NULL, NULL, 29, 0, 0, NULL, 1, 1),
	(19, '2026-01-31 02:06:37', '2026-02-01 00:10:25', 'Youssef Khaled', 1, 'asd', 12.00, 12, 'products/HUdorbTNeEbkwWOcW7Gf9NlOtiY0Qmeg26Kq5i9A.png', '["products\\/HUdorbTNeEbkwWOcW7Gf9NlOtiY0Qmeg26Kq5i9A.png","products\\/KD5cF6hJZz1EBqoG57shTuc9Hl0od8IrXiuYDUuG.png","products\\/oTkm689QlkkGhWhbdsV3eferHwnfLAjTeSsDewjp.png","products\\/Zg1AgPgZfLNuGgsmKxx0EvNUzyFcjdJGRQTY3Th2.png","products\\/MxnNH3xyAOr8b6tntDo0iqW3s4Vs55xIPGD2nF63.png","products\\/o5o7ftBNg8IOS6DBNteWtxa9QdTNlkdRF7qlmSWA.png","products\\/8FMBcBcWyoE7Tt61PytD46YqbnhzbSIRRxdJjJUQ.png","products\\/lS3z9Kxwjr9hntZ67M3TENAU7xJPLSO2PYjYduSH.png","products\\/FxfyGL60c5kyMNyBfyVQRMzSeuRl7ZddpNeKGKo9.png","products\\/f1RLnMn5hbTbPeRXzgrtev56LrvpU3Akl8cnbpGF.png","products\\/s3pAvRki8Zpy3rw5fUMPUUDj4MuqPnqwgjkIljCa.png","products\\/MfEfSPCATxvWabpUmKeckEJkXfUc9OBxIwR8M3Sp.png","products\\/CHLOaLpGIyVNIr5Y7ZSXvVgdY4B2ghUH52oqa1SD.png","products\\/FoT7wtUsK3lpWzvfFTnCvsWPMl9rX3UvA8hKudFZ.png"]', '12', NULL, '2026-01-30', NULL, '2026-10-23', '12', '12', '1212', NULL, 41, 0, 0, NULL, 1, 1),
	(20, '2026-01-31 02:10:26', '2026-02-02 01:57:36', 'asd', 7, 'asd', 123.00, 50, 'products/RfejfKBkWdhXXrQi2Va2qeIFh8db30uUdPUCpYiH.png', '["products\\/RfejfKBkWdhXXrQi2Va2qeIFh8db30uUdPUCpYiH.png","products\\/C49TjD785e6cTcTKWCCIb1Y3qCzNtDquZ8ZnI9dW.png","products\\/lsiutHqNLHUpTpeTq85c6jW78qwYjA1QRsECJifT.png","products\\/yBz8KOjAKULyL2Ge2zSJwt94jcDj5l3D6699ezHC.png","products\\/PyRInLvzsCVPwgs6A00HyJwXfO2WUOfP6JSXFGix.png","products\\/snSoKeVq5CDDGIoQu2VKqTxs0IuqD2ZZ0QYOChnA.png","products\\/5tP3WP0TDKrPkO6ED1YBKZiKi42KAD2MvZEseOKn.png","products\\/wY70wCTUqVAUlegEzvdy691lnyrVLNOwcbrcBGhY.png","products\\/INLOc8w5xob9kDafYwK0hoTrpXcwHy2pDvmXYQ1C.png"]', '123', NULL, '2026-01-30', NULL, '2026-04-25', '123', '123', '123', NULL, 41, 0, 0, NULL, 1, 1),
	(21, '2026-01-31 02:21:06', '2026-01-31 02:21:06', 'Youssef Khaled', 6, 'asd', 21.00, 12, 'products/XPwtbTqjXNuySjXpzcbAl66XqnVulsFXKAthbWze.png', '["products\\/XPwtbTqjXNuySjXpzcbAl66XqnVulsFXKAthbWze.png","products\\/JgM5aNSzmPpmmjT1os6yEyOSAGXrRmK4aVxoG19b.png","products\\/s9apEKVjqXTnYPjEKPVVaK2nsCMvPisKpx1lKWGV.png","products\\/GdIHjpxnP7363XZGq405ywmWwxlxkMxnYws7v4VC.png","products\\/UW7TLDCqroSQ6homhDjQpUlAjR52CmOF8GGTG75p.png","products\\/Itl9QvShpBlXaVmoX7J2wyBAoQd2jvTOJxUuhgam.png"]', '12', NULL, '2026-01-30', NULL, '2026-05-16', '12', '23', '3333', NULL, 41, 0, 0, NULL, 1, 1),
	(30, '2026-02-17 05:14:56', '2026-02-20 03:57:36', 'Digital X-Ray Machine', 1, 'High-resolution digital X-ray machine for radiology departments.', 9500.00, 18, 'admin/assets/images/products/seed-product-1.jpg', '["admin\\/assets\\/images\\/products\\/seed-product-1.jpg","admin\\/assets\\/images\\/products\\/seed-product-1-2.jpg","products\\/oCZgyUyfD52qCVqe1IXXLKmMa2AcLiT8gK66S7Ff.png","products\\/jypsKLsYBV5OyWlc5cG5ka5vzkZ3MpvHowjcrpvp.png","products\\/pFeUBlSh8SXTj9mWJAHRxKSZd2yp4gvzyXG5vncG.png","products\\/uw3vCRNtUT3sqGMXSV80jKB1KzNEoyfS0UwkRVX0.png","products\\/nDpIWmgHG06pwCpqfLcXZmBkhou2B89pDZWWqLC6.png","products\\/wxokU7Z2R1uDSyLW1Z1oqTHAFDwTbYaN1LjcoGYx.png","products\\/IdtIYeQErUxGZrVjY5HEdt5VoVhcUHEE8FllcviX.png","products\\/K5NvpVTTq6pFh2q86l5YcYAxMyq6KkDGvs6xHCTR.png","products\\/xcq12VR9Cpniays9Ad2d5sawTU5FRjrPqlgyD2M2.png"]', 'Digital Radiography', '220V / 50Hz', NULL, '2024-12-16', '2028-02-16', '180 kg', '150x80x200 cm', '2 years', 1, 50, 1, 1, NULL, 1, 1),
	(31, '2026-02-17 05:14:56', '2026-02-17 05:14:56', 'Portable Ultrasound Scanner', 2, 'Portable ultrasound scanner with Doppler support.', 8900.00, 22, 'admin/assets/images/products/seed-product-2.jpg', '["admin\\/assets\\/images\\/products\\/seed-product-2.jpg","admin\\/assets\\/images\\/products\\/seed-product-2-2.jpg"]', 'Ultrasound', '110-220V', NULL, '2024-08-16', '2028-02-16', '9 kg', '42x28x10 cm', '3 years', 1, 50, 0, 0, NULL, 1, 1),
	(32, '2026-02-17 05:14:56', '2026-02-17 05:14:56', 'ECG Monitor 12-Lead', 3, '12-lead ECG monitor with cloud export and trend charts.', 4900.00, 40, 'admin/assets/images/products/seed-product-3.jpg', '["admin\\/assets\\/images\\/products\\/seed-product-3.jpg","admin\\/assets\\/images\\/products\\/seed-product-3-2.jpg"]', 'Cardiac Monitoring', 'AC/DC', NULL, '2025-12-16', '2027-02-16', '6.5 kg', '32x26x11 cm', '2 years', 1, 50, 0, 0, NULL, 1, 1),
	(33, '2026-02-17 05:14:56', '2026-02-17 05:14:56', 'Infusion Pump Pro', 4, 'Accurate infusion pump with multi-mode delivery.', 2200.00, 65, 'admin/assets/images/products/seed-product-4.jpg', '["admin\\/assets\\/images\\/products\\/seed-product-4.jpg","admin\\/assets\\/images\\/products\\/seed-product-4-2.jpg"]', 'Therapy Device', 'Battery + AC', NULL, '2025-04-16', '2028-02-16', '2.2 kg', '20x14x8 cm', '2 years', 1, 50, 1, 0, NULL, 1, 1),
	(34, '2026-02-17 05:14:56', '2026-02-17 05:14:56', 'Patient Bedside Monitor', 1, 'Bedside monitor for ICU with NIBP, SpO2 and ECG modules.', 6900.00, 26, 'admin/assets/images/products/seed-product-5.jpg', '["admin\\/assets\\/images\\/products\\/seed-product-5.jpg","admin\\/assets\\/images\\/products\\/seed-product-5-2.jpg"]', 'Vital Monitoring', '220V', NULL, '2025-08-16', '2030-02-16', '5.2 kg', '30x24x12 cm', '2 years', 1, 50, 0, 1, NULL, 1, 1),
	(35, '2026-02-17 05:14:56', '2026-02-17 05:14:56', 'Surgical Nitrile Gloves (500)', 2, 'Powder-free nitrile gloves for sterile procedures.', 420.00, 250, 'admin/assets/images/products/seed-product-6.jpg', '["admin\\/assets\\/images\\/products\\/seed-product-6.jpg","admin\\/assets\\/images\\/products\\/seed-product-6-2.jpg"]', NULL, NULL, NULL, '2025-03-16', '2027-02-16', '7 kg carton', '40x30x22 cm', 'Shelf life 3 years', 1, 50, 0, 0, NULL, 1, 1),
	(36, '2026-02-17 05:14:56', '2026-02-17 05:14:56', 'Sterile Syringes 10ml (1000)', 3, 'Single-use sterile syringes with Luer lock.', 760.00, 180, 'admin/assets/images/products/seed-product-7.jpg', '["admin\\/assets\\/images\\/products\\/seed-product-7.jpg","admin\\/assets\\/images\\/products\\/seed-product-7-2.jpg"]', NULL, NULL, NULL, '2024-08-16', '2027-02-16', '11 kg carton', '45x35x26 cm', 'Shelf life 5 years', 1, 50, 1, 0, NULL, 1, 1),
	(37, '2026-02-17 05:14:56', '2026-02-17 05:14:56', 'Anesthesia Workstation', 4, 'Comprehensive anesthesia workstation with safety alarms.', 9800.00, 7, 'admin/assets/images/products/seed-product-8.jpg', '["admin\\/assets\\/images\\/products\\/seed-product-8.jpg","admin\\/assets\\/images\\/products\\/seed-product-8-2.jpg"]', 'Anesthesia', '220V / 50Hz', NULL, '2025-07-16', '2030-02-16', '135 kg', '90x75x145 cm', '3 years', 1, 50, 0, 0, NULL, 1, 1),
	(38, '2026-02-19 19:22:12', '2026-02-19 19:22:12', 'qwe', 4, 'qwe', 123.00, 123, 'products/5zb1EZ6AGH8oPZ47Jgj2y2c4YiYbLk1NXUvP5tna.png', '["products\\/5zb1EZ6AGH8oPZ47Jgj2y2c4YiYbLk1NXUvP5tna.png"]', 'qwe', NULL, '2026-02-19', NULL, '2026-03-14', 'qw', 'qwe', 'qwe', NULL, 50, 0, 0, NULL, 1, 1);

-- Dumping structure for table hemaplus-database.ratings
CREATE TABLE IF NOT EXISTS `ratings` (
  `id` bigint unsigned NOT NULL AUTO_INCREMENT,
  `created_at` timestamp NULL DEFAULT NULL,
  `updated_at` timestamp NULL DEFAULT NULL,
  `comment` text COLLATE utf8mb4_unicode_ci,
  `rating` int DEFAULT NULL,
  `user_id` int DEFAULT NULL,
  `forable_type` varchar(255) COLLATE utf8mb4_unicode_ci DEFAULT NULL,
  `forable_id` bigint unsigned DEFAULT NULL,
  `deleted_at` datetime DEFAULT NULL,
  `is_activate` tinyint NOT NULL DEFAULT '1',
  `report_id` tinyint NOT NULL DEFAULT '1',
  PRIMARY KEY (`id`),
  KEY `ratings_forable_type_forable_id_index` (`forable_type`,`forable_id`)
) ENGINE=InnoDB AUTO_INCREMENT=52 DEFAULT CHARSET=utf8mb4 COLLATE=utf8mb4_unicode_ci;

-- Dumping data for table hemaplus-database.ratings: ~42 rows (approximately)
DELETE FROM `ratings`;
INSERT INTO `ratings` (`id`, `created_at`, `updated_at`, `comment`, `rating`, `user_id`, `forable_type`, `forable_id`, `deleted_at`, `is_activate`, `report_id`) VALUES
	(1, '2025-10-10 10:00:00', '2025-10-10 10:00:00', 'Excellent service', 5, 2, 'App\\Models\\User', 1, NULL, 1, 1),
	(2, '2025-10-11 10:00:00', '2025-10-11 10:00:00', 'Good quality', 4, 2, 'App\\Models\\Product', 1, NULL, 1, 1),
	(3, '2025-10-12 10:00:00', '2025-10-12 10:00:00', 'Very satisfied', 5, 4, 'App\\Models\\User', 4, NULL, 1, 1),
	(4, '2025-10-13 10:00:00', '2025-10-13 10:00:00', 'Nice product', 4, 4, 'App\\Models\\Product', 3, NULL, 1, 1),
	(5, '2025-10-14 10:00:00', '2025-10-14 10:00:00', 'Average service', 3, 2, 'App\\Models\\User', 5, NULL, 1, 1),
	(6, '2025-10-15 10:00:00', '2025-10-15 10:00:00', 'Perfect', 5, 4, 'App\\Models\\Product', 2, NULL, 1, 1),
	(7, '2025-11-08 23:00:00', '2025-11-08 23:00:00', 'Good experience', 4, 21, 'App\\Models\\User', 3, NULL, 1, 1),
	(8, '2025-11-09 23:00:00', '2025-11-09 23:00:00', 'Highly recommend', 5, 22, 'App\\Models\\Product', 5, NULL, 1, 1),
	(9, '2025-11-10 23:00:00', '2025-11-10 23:00:00', 'Okay', 3, 23, 'App\\Models\\User', 4, NULL, 1, 1),
	(10, '2025-11-16 23:00:00', '2025-11-16 23:00:00', 'Good value', 4, 26, 'App\\Models\\Product', 1, NULL, 1, 1),
	(11, '2025-11-17 23:00:00', '2025-11-17 23:00:00', 'Excellent', 5, 27, 'App\\Models\\User', 5, NULL, 1, 1),
	(12, '2025-11-18 23:00:00', '2025-11-18 23:00:00', 'Great quality', 4, 28, 'App\\Models\\Product', 6, NULL, 1, 1),
	(13, '2025-12-01 23:00:00', '2025-12-01 23:00:00', 'Perfect service', 5, 2, 'App\\Models\\User', 6, NULL, 1, 1),
	(14, '2026-01-26 23:53:30', '2026-01-26 23:53:30', 'Excellent quality and fast delivery!', 5, 33, 'App\\Models\\Product', 9, NULL, 1, 1),
	(15, '2026-01-26 23:53:30', '2026-01-26 23:53:30', 'Very satisfied with this product', 5, 34, 'App\\Models\\Product', 10, NULL, 1, 1),
	(16, '2026-01-26 23:53:30', '2026-01-26 23:53:30', 'Good product, could be better packaging', 4, 35, 'App\\Models\\Product', 11, NULL, 1, 1),
	(17, '2026-01-26 23:53:30', '2026-01-26 23:53:30', 'Great service and good product', 4, 36, 'App\\Models\\Product', 12, NULL, 1, 1),
	(18, '2026-01-26 23:53:30', '2026-01-26 23:53:30', 'Perfect! Highly recommended', 5, 37, 'App\\Models\\Product', 13, NULL, 1, 1),
	(19, '2026-01-26 23:53:30', '2026-01-26 23:53:30', 'Decent product, average quality', 3, 33, 'App\\Models\\Product', 14, NULL, 1, 1),
	(20, '2026-01-26 23:53:30', '2026-01-26 23:53:30', 'Excellent quality and fast delivery!', 5, 34, 'App\\Models\\Product', 15, NULL, 1, 1),
	(21, '2026-01-26 23:53:30', '2026-01-26 23:53:30', 'Very satisfied with this product', 4, 35, 'App\\Models\\Product', 16, NULL, 1, 1),
	(22, '2026-01-26 23:53:30', '2026-01-26 23:53:30', 'Good product, could be better packaging', 4, 36, 'App\\Models\\Product', 17, NULL, 1, 1),
	(23, '2026-01-26 23:53:30', '2026-01-26 23:53:30', 'Great service and good product', 5, 37, 'App\\Models\\Product', 18, NULL, 1, 1),
	(24, '2026-01-26 23:54:11', '2026-01-26 23:54:11', 'Excellent quality and fast delivery!', 5, 33, 'App\\Models\\Product', 9, NULL, 1, 1),
	(25, '2026-01-26 23:54:11', '2026-01-26 23:54:11', 'Very satisfied with this product', 5, 34, 'App\\Models\\Product', 10, NULL, 1, 1),
	(26, '2026-01-26 23:54:11', '2026-01-26 23:54:11', 'Good product, could be better packaging', 4, 35, 'App\\Models\\Product', 11, NULL, 1, 1),
	(27, '2026-01-26 23:54:11', '2026-01-26 23:54:11', 'Great service and good product', 4, 36, 'App\\Models\\Product', 12, NULL, 1, 1),
	(28, '2026-01-26 23:54:11', '2026-01-26 23:54:11', 'Perfect! Highly recommended', 5, 37, 'App\\Models\\Product', 13, NULL, 1, 1),
	(29, '2026-01-26 23:54:11', '2026-01-26 23:54:11', 'Decent product, average quality', 3, 33, 'App\\Models\\Product', 14, NULL, 1, 1),
	(30, '2026-01-26 23:54:11', '2026-01-26 23:54:11', 'Excellent quality and fast delivery!', 5, 34, 'App\\Models\\Product', 15, NULL, 1, 1),
	(31, '2026-01-26 23:54:11', '2026-01-26 23:54:11', 'Very satisfied with this product', 4, 35, 'App\\Models\\Product', 16, NULL, 1, 1),
	(32, '2026-01-26 23:54:11', '2026-01-26 23:54:11', 'Good product, could be better packaging', 4, 36, 'App\\Models\\Product', 17, NULL, 1, 1),
	(33, '2026-01-26 23:54:11', '2026-01-26 23:54:11', 'Great service and good product', 5, 37, 'App\\Models\\Product', 18, NULL, 1, 1),
	(43, '2026-02-14 05:14:56', '2026-02-14 05:14:56', 'Excellent response time and professional support.', 5, 56, 'App\\Models\\User', 50, NULL, 1, 1),
	(44, '2026-02-10 05:14:56', '2026-02-10 05:14:56', 'Delivery was fast and packaging was secure.', 4, 57, 'App\\Models\\User', 50, NULL, 1, 1),
	(45, '2026-02-06 05:14:56', '2026-02-06 05:14:56', 'High quality products and smooth coordination.', 5, 58, 'App\\Models\\User', 50, NULL, 1, 1),
	(46, '2026-02-01 05:14:56', '2026-02-01 05:14:56', 'Good communication and clear quotations.', 4, 59, 'App\\Models\\User', 50, NULL, 1, 1),
	(47, '2026-01-27 05:14:56', '2026-01-27 05:14:56', 'Reliable supplier for recurring scheduled orders.', 5, 60, 'App\\Models\\User', 50, NULL, 1, 1),
	(48, '2026-02-13 05:14:56', '2026-02-13 05:14:56', 'Device quality is excellent for our radiology team.', 5, 56, 'App\\Models\\Product', 30, NULL, 1, 1),
	(49, '2026-02-12 05:14:56', '2026-02-12 05:14:56', 'Good performance, easy setup.', 4, 57, 'App\\Models\\Product', 31, NULL, 1, 1),
	(50, '2026-02-11 05:14:56', '2026-02-11 05:14:56', 'Very reliable in daily operation.', 5, 58, 'App\\Models\\Product', 32, NULL, 1, 1),
	(51, '2026-02-10 05:14:56', '2026-02-10 05:14:56', 'Good value for the price.', 4, 59, 'App\\Models\\Product', 33, NULL, 1, 1);

-- Dumping structure for table hemaplus-database.reports
CREATE TABLE IF NOT EXISTS `reports` (
  `id` bigint unsigned NOT NULL AUTO_INCREMENT,
  `created_at` timestamp NULL DEFAULT NULL,
  `updated_at` timestamp NULL DEFAULT NULL,
  `name` varchar(255) COLLATE utf8mb4_unicode_ci DEFAULT NULL,
  `deleted_at` datetime DEFAULT NULL,
  `is_activate` tinyint NOT NULL DEFAULT '1',
  `report_id` tinyint NOT NULL DEFAULT '1',
  PRIMARY KEY (`id`)
) ENGINE=InnoDB AUTO_INCREMENT=2 DEFAULT CHARSET=utf8mb4 COLLATE=utf8mb4_unicode_ci;

-- Dumping data for table hemaplus-database.reports: ~1 rows (approximately)
DELETE FROM `reports`;
INSERT INTO `reports` (`id`, `created_at`, `updated_at`, `name`, `deleted_at`, `is_activate`, `report_id`) VALUES
	(1, '2026-01-26 20:37:10', '2026-01-26 20:37:10', 'report', NULL, 1, 1);

-- Dumping structure for table hemaplus-database.users
CREATE TABLE IF NOT EXISTS `users` (
  `id` bigint unsigned NOT NULL AUTO_INCREMENT,
  `name` varchar(255) COLLATE utf8mb4_unicode_ci NOT NULL,
  `email` varchar(255) COLLATE utf8mb4_unicode_ci NOT NULL,
  `email_verified_at` timestamp NULL DEFAULT NULL,
  `password` varchar(255) COLLATE utf8mb4_unicode_ci NOT NULL,
  `remember_token` varchar(100) COLLATE utf8mb4_unicode_ci DEFAULT NULL,
  `created_at` timestamp NULL DEFAULT NULL,
  `updated_at` timestamp NULL DEFAULT NULL,
  `mobile` varchar(255) COLLATE utf8mb4_unicode_ci DEFAULT NULL,
  `mobile_verified_at` timestamp NULL DEFAULT NULL,
  `iban` varchar(255) COLLATE utf8mb4_unicode_ci DEFAULT NULL,
  `branch` varchar(255) COLLATE utf8mb4_unicode_ci DEFAULT NULL,
  `tax_number` varchar(255) COLLATE utf8mb4_unicode_ci DEFAULT NULL,
  `cr_number` varchar(255) COLLATE utf8mb4_unicode_ci DEFAULT NULL,
  `cr_document` varchar(255) COLLATE utf8mb4_unicode_ci DEFAULT NULL,
  `location` varchar(1255) COLLATE utf8mb4_unicode_ci DEFAULT NULL,
  `img` varchar(1255) COLLATE utf8mb4_unicode_ci DEFAULT NULL,
  `fcm_token` varchar(1255) COLLATE utf8mb4_unicode_ci DEFAULT NULL,
  `code` varchar(25) COLLATE utf8mb4_unicode_ci DEFAULT NULL,
  `lang` varchar(25) COLLATE utf8mb4_unicode_ci DEFAULT NULL,
  `user_type` tinyint DEFAULT NULL COMMENT '1 => clients, 2 => providers, 3 => logistics',
  `deleted_at` datetime DEFAULT NULL,
  `is_activate` tinyint NOT NULL DEFAULT '1',
  `report_id` tinyint NOT NULL DEFAULT '1',
  PRIMARY KEY (`id`),
  UNIQUE KEY `users_email_unique` (`email`)
) ENGINE=InnoDB AUTO_INCREMENT=61 DEFAULT CHARSET=utf8mb4 COLLATE=utf8mb4_unicode_ci;

-- Dumping data for table hemaplus-database.users: ~23 rows (approximately)
DELETE FROM `users`;
INSERT INTO `users` (`id`, `name`, `email`, `email_verified_at`, `password`, `remember_token`, `created_at`, `updated_at`, `mobile`, `mobile_verified_at`, `iban`, `branch`, `tax_number`, `cr_number`, `cr_document`, `location`, `img`, `fcm_token`, `code`, `lang`, `user_type`, `deleted_at`, `is_activate`, `report_id`) VALUES
	(1, 'jesu', 'mezi@mailinator.com', NULL, '$2y$10$fUyB2Oi.63.zzbmYZPxS7eQlNDZn1b/sn6sPlEm0zK7NgrtRH.9f.', NULL, '2025-10-08 05:28:43', '2025-10-08 05:28:43', '1231231213213', NULL, NULL, 'Voluptatem expedita', '92221321kk', '254123132l', 'admin/assets/images/users/176015127150451.png', 'Nam fugiat tempor vo', 'admin/assets/images/users/175988332346772.png', NULL, NULL, NULL, 2, NULL, 1, 1),
	(2, 'ruvyrin', 'fyly@mailinator.com', NULL, '$2y$10$WCIX5A8T2nbtJHWwwwFZIOSW1TK3ty/oQ9tCXSNe2fZ9C/.o5Z0P2', NULL, '2025-10-08 05:31:27', '2025-10-08 05:31:27', '98784654655', NULL, NULL, NULL, NULL, NULL, NULL, NULL, 'admin/assets/images/users/175988348799653.png', NULL, NULL, NULL, 1, NULL, 1, 1),
	(3, 'amr 4442', 'amr22@gmail.com', '2025-10-18 04:00:23', '$2y$10$HYErtOa2j0NJcZCYqKkjGuesixtwA1K4XIQqi6TisxSx2kdZJRUz.', NULL, '2025-10-11 07:07:27', '2025-11-09 00:58:14', '+96612345678002', '2025-10-18 04:00:23', 'iban-data', 'branch', '123123132', '123123123123', NULL, 'location', 'admin/assets/images/users/176262829453862.png', 'cXmf-bClTg68yTEcnujtvu:APA91bFQ9uDF3lki7GPv2xaA73187SLjdsvP8hOs2c5hBsMbvLULn7Tvp2PMRSVmJlmEkkB9AWaCp-apPbLS_mUezF2pIfOuhg20Ic8J6m46TCP4M5Kl91M', NULL, NULL, 2, NULL, 1, 1),
	(4, 'amr 444', 'amr222@gmail.com', NULL, '$2y$10$QmskJkeIaWyVPF8QsbewJel/dnzRKmxFqMYsPmGrAgToq.KFrZlyi', NULL, '2025-10-11 07:44:45', '2025-10-11 07:44:45', '+966123456780020', NULL, 'iban-data0', NULL, NULL, NULL, NULL, 'location location location', 'admin/assets/images/users/175988348799653.png', 'cXmf-bClTg68yTEcnujtvu:APA91bFQ9uDF3lki7GPv2xaA73187SLjdsvP8hOs2c5hBsMbvLULn7Tvp2PMRSVmJlmEkkB9AWaCp-apPbLS_mUezF2pIfOuhg20Ic8J6m46TCP4M5Kl91M', '1111', NULL, 1, NULL, 1, 1),
	(5, 'amr 4443', 'amr223@gmail.com', NULL, '$2y$10$v0PsS8Sq43JnvilTajtXuutwrv7pdHyJ1KwBRdm8EO6AHhOMJJky2', NULL, '2025-10-11 07:49:37', '2025-10-11 07:49:37', '+966123456780023', NULL, 'iban-data3', 'branch', '123123132', '123123123123', NULL, 'location', NULL, 'drOWb72CTLmxu4AaJ_LbU6:APA91bFoprg_oWZbiHLefNSwRbtFUMX0u-W_xu4OcT8WIP24c70bNnR8jAMcqBVGXAhfoY7H6zxzvzzCCSDZcKKmGJ3J2mQej9ENsinfLPjgLt0Yf9Grx1M', '1111', NULL, 2, NULL, 1, 1),
	(6, 'amr 4444', 'amr224@gmail.com', NULL, '$2y$10$Q1HwsTFaTFtdV5LiSb9on.tFDmZXQiqs/BX9d/.8qE3mHb5cMQlbO', NULL, '2025-10-11 07:54:31', '2025-10-11 07:54:31', '+966123456780024', NULL, 'iban-data4', 'branch', '123123132', '123123123123', 'admin/assets/images/users/176015127150451.png', 'location', NULL, 'cXmf-bClTg68yTEcnujtvu:APA91bFQ9uDF3lki7GPv2xaA73187SLjdsvP8hOs2c5hBsMbvLULn7Tvp2PMRSVmJlmEkkB9AWaCp-apPbLS_mUezF2pIfOuhg20Ic8J6m46TCP4M5Kl91M', '1111', NULL, 2, NULL, 1, 1),
	(7, 'amr 444499', 'amr22499@gmail.com', NULL, '$2y$10$k4Sx6JkbnUf50NHxue3xi.nxVAtKz9CfXJ2W8aEA3KCWEHJFD2Pk.', NULL, '2025-10-19 18:06:45', '2025-10-19 18:06:45', '+966123456780099', NULL, 'iban-data499', 'branch', '123123132', '123123123123', NULL, 'location', NULL, 'cXmf-bClTg68yTEcnujtvu:APA91bFQ9uDF3lki7GPv2xaA73187SLjdsvP8hOs2c5hBsMbvLULn7Tvp2PMRSVmJlmEkkB9AWaCp-apPbLS_mUezF2pIfOuhg20Ic8J6m46TCP4M5Kl91M', '1111', NULL, 2, NULL, 1, 1),
	(21, 'hospital12@gmail.com', 'hospital12@gmail.com', '2025-11-08 22:21:19', '$2y$10$Vdcra7/LqkvfkVir1fFTJuw8Q7C/AjpU8rfJ5VXbR77Wf1P2cBct2', NULL, '2025-11-08 19:04:46', '2025-11-08 19:04:46', '333333333', '2025-11-08 22:21:27', '12344321', 'hospital 12', NULL, '12344321', 'admin/assets/images/users/176260708676693.jpg', 'king fahd st. jidah, KSA', NULL, 'd-HVRtGMQj-XhuD0MNuhb0:APA91bHncj5OwckPEAJHpkRwW_-tAoKb_HfvgmVY5inNRcr5l8iXMd3fWSbSEulzcx2TjOSOob4rI0lQp0bFRrN6JyA21e4MN0jZTPiQZMbvQ8J5GvGeUEU', NULL, NULL, 1, NULL, 1, 1),
	(22, 'Upton Hutchinson', 'cozimy@mailinator.com', NULL, '$2y$10$6jz7mZefjoO8TphZ8jPK8uagoIHHaxg4H6obnCAFmWuUhtkrIPk.2', NULL, '2025-11-12 06:29:10', '2025-11-12 06:29:10', '789654258', NULL, 'uuuu774hh55', 'Nesciunt veniam fa', '916', '422', 'admin/assets/images/users/176290735064382.png', 'Dolor rerum quia lab', NULL, NULL, '2759', NULL, 2, NULL, 1, 1),
	(23, 'Sandra Salas', 'casi@mailinator.com', NULL, '$2y$10$di9XXI1oLDo0D//k74bcfuAX.PdTbfylEbvIRR89rfviNNkJ0geVG', NULL, '2025-11-12 06:40:25', '2025-11-12 06:40:25', '456456456', NULL, '987789987', 'Ratione dolore rem e', '166', '820', 'admin/assets/images/users/176290802559974.png', 'Quis incidunt aute', NULL, NULL, '3794', NULL, 1, NULL, 1, 1),
	(24, 'Xyla Allen', 'gyqegakiwu@mailinator.com', NULL, '$2y$10$KC5w.F9joMjC8XcK6tONVe7Vbs5K0lAmHSqWaxcAEtY9u1zGO3J8G', NULL, '2025-11-12 06:41:31', '2025-11-12 06:41:31', '654789654', NULL, '98745632', 'Voluptas et et vero', '394', '809', 'admin/assets/images/users/176290809128052.png', 'Cupiditate id praese', NULL, NULL, '5689', NULL, 1, NULL, 1, 1),
	(25, 'Yardley Jarvis', 'zijaxe@mailinator.com', NULL, '$2y$10$4zQnOfXHFr9/k/XQ2D9iVe5qYjwYtG4F2KfkEq4tPFpHxMOUltW56', NULL, '2025-11-12 06:43:55', '2025-11-12 06:43:55', '123213256', NULL, '541321655', 'Dolore corporis quae', '938', '656', 'admin/assets/images/users/176290823561035.png', 'Molestiae voluptatem', NULL, NULL, '2930', NULL, 2, NULL, 1, 1),
	(26, 'Leo Hale', 'seko@mailinator.com', '2025-11-12 07:39:48', '$2y$10$zmVjbwnND9a7IQjZeB/8nOtoME.o/InPqiUt74YYwXrZ.AFw.PWKC', NULL, '2025-11-12 07:22:38', '2025-11-12 07:39:48', '963258963', '2025-11-12 07:39:48', 'Hic distinctio Quia', 'Dolore ab esse magn', '353', '449', 'admin/assets/images/users/176291055843755.png', 'Est dicta maxime qui', NULL, NULL, NULL, NULL, 2, NULL, 1, 1),
	(27, 'Kyra Mathis', 'doly@mailinator.com', '2025-11-12 08:03:33', '$2y$10$EQ/XfkP41/3Xp1uMUSG7v.mACMfQ4Vztl2CRkmsXMgE9gBlN9A4jC', NULL, '2025-11-12 07:47:08', '2025-11-12 08:03:33', '8978976543', '2025-11-12 08:03:33', '424244211111', 'Ullam commodo beatae', '766', '302', 'admin/assets/images/users/176291202873933.png', 'Possimus adipisci q', NULL, NULL, NULL, NULL, 1, NULL, 1, 1),
	(28, 'Timon Crane', 'bybi@mailinator.com', '2025-11-12 08:17:39', '$2y$10$N.7D1/QHyu1dUrYs2kz87OMrr950GpkT1dGClWR6tQAodTFUrVw1.', NULL, '2025-11-12 08:15:34', '2025-11-12 09:37:13', '7852148215', '2025-11-12 08:17:39', '9568566', 'Non illum anim qui', '729', '823', 'admin/assets/images/users/176291373362575.png', 'Quos nihil ipsum to', NULL, NULL, NULL, NULL, 1, NULL, 1, 1),
	(29, 'YOUSSEF', 'youssef@vendor.test', '2026-01-26 21:10:17', '$2y$10$RudV8vgIHox6BA.Hd1bHA.hKYSvCZheXaYjPiGGVE3gfmwfumLaoW', NULL, '2026-01-26 21:10:17', '2026-01-26 23:06:07', '0501234567', '2026-01-26 21:10:17', 'SA1234567890123456789012', 'Main Branch', '123456789', 'CR123456789', 'storage/vendors/cr_document.pdf', 'Riyadh, Saudi Arabia', 'storage/vendors/youssef_profile.jpg', NULL, NULL, 'ar', 2, NULL, 1, 1),
	(30, 'Ahmed Vendor', 'vendor2@test.com', '2026-01-26 21:10:17', '$2y$10$r8z0be2OmRBSvuLC/FTmx.bDQSwI9mqOa96lLMVTUwQJYRHGIuWaq', NULL, '2026-01-26 21:10:17', '2026-01-26 21:10:17', '+966502345678', '2026-01-26 21:10:17', 'SA0021000000192884522331', 'Jeddah Branch', 'TAX-2024-002', 'CR-2024-002', 'storage/vendors/cr_document_2.pdf', 'Jeddah, Saudi Arabia', 'storage/vendors/ahmed_profile.jpg', NULL, NULL, 'ar', 2, NULL, 1, 1),
	(50, 'Youssef Khaled', 'youssef@hp.com', '2026-02-17 03:58:07', '$2y$10$YKIwzDsnTMuHWJVs/wF9P.myYF.jKfJGaZys1k9vGPjak0DsW.Bm.', NULL, '2026-02-17 03:57:52', '2026-02-20 03:51:26', '+201064338132', '2026-02-17 03:58:07', 'SA4420000001234567890123', 'Riyadh Main Branch', '300123456700003', '1010123456', 'admin/assets/images/users/177127187235883.png', 'Riyadh, Saudi Arabia', 'admin/assets/images/users/177127399331347.png', NULL, NULL, 'en', 2, NULL, 1, 1),
	(56, 'King Fahad Hospital', 'hospital.kfh@test.local', '2026-02-17 05:13:51', '$2y$10$BNaJhOAhrKMEcdzkRZxwueZgNf/KyUc9aXmVxxPP2wimoGQnmeT2q', NULL, '2026-02-17 05:13:51', '2026-02-17 05:13:51', '+966500000101', '2026-02-17 05:13:51', NULL, NULL, NULL, NULL, NULL, NULL, NULL, NULL, NULL, 'en', 1, NULL, 1, 1),
	(57, 'National Medical Center', 'hospital.nmc@test.local', '2026-02-17 05:13:51', '$2y$10$wk7fMlgPbsKgkzj3qTcWIe9vcU/uLvR9s5CmnaSc/zjvXUeyVHeg2', NULL, '2026-02-17 05:13:51', '2026-02-17 05:13:51', '+966500000102', '2026-02-17 05:13:51', NULL, NULL, NULL, NULL, NULL, NULL, NULL, NULL, NULL, 'en', 1, NULL, 1, 1),
	(58, 'Al Nour Clinic', 'clinic.alnour@test.local', '2026-02-17 05:13:51', '$2y$10$bTRtS.BLEzMJ0XQ7Iz4rguNdRLC5Koijq8vgTQdovC.3QbJIqZ48m', NULL, '2026-02-17 05:13:51', '2026-02-17 05:13:51', '+966500000103', '2026-02-17 05:13:51', NULL, NULL, NULL, NULL, NULL, NULL, NULL, NULL, NULL, 'en', 1, NULL, 1, 1),
	(59, 'Prince Sultan Hospital', 'hospital.psh@test.local', '2026-02-17 05:13:51', '$2y$10$eU8GWruQs2JG5kKfJfHGHeLGvqKGhFr2JhXxToJfSdiQHCWsbN286', NULL, '2026-02-17 05:13:51', '2026-02-17 05:13:51', '+966500000104', '2026-02-17 05:13:51', NULL, NULL, NULL, NULL, NULL, NULL, NULL, NULL, NULL, 'en', 1, NULL, 1, 1),
	(60, 'City Care Clinic', 'clinic.citycare@test.local', '2026-02-17 05:13:51', '$2y$10$4r7ptAMpJ0DXeZiZ/2fAsef/c4R/kP0DOC30ncQUpWMi4sv8rwGF6', NULL, '2026-02-17 05:13:51', '2026-02-17 05:13:51', '+966500000105', '2026-02-17 05:13:51', NULL, NULL, NULL, NULL, NULL, NULL, NULL, NULL, NULL, 'en', 1, NULL, 1, 1);

/*!40103 SET TIME_ZONE=IFNULL(@OLD_TIME_ZONE, 'system') */;
/*!40101 SET SQL_MODE=IFNULL(@OLD_SQL_MODE, '') */;
/*!40014 SET FOREIGN_KEY_CHECKS=IFNULL(@OLD_FOREIGN_KEY_CHECKS, 1) */;
/*!40101 SET CHARACTER_SET_CLIENT=@OLD_CHARACTER_SET_CLIENT */;
/*!40111 SET SQL_NOTES=IFNULL(@OLD_SQL_NOTES, 1) */;
